Country,Continent,Capital,Language,Currency,Domain,Driving Side,License Plate,Bollard,Chevron,Utility Pole,Curb,Guardrail,Lanes,Stop Sign,Pedestrian Sign,Direction Sign,Road Number,Road Sign,Sign/Traffic Post,Architecture,Landscape,Google Car,Follow Car,Street,Rift,Camera Generation,Miscellaneous
Botswana,Africa,Gaborone,english,,.bw,left,"white_front,yellow_rear",,white_on_red,,"black_white,black_yellow,white_red","type-A,","yellow_outer,white_center",,,green_background,"A,B","triangular,blue_background,red_border,two_bolts",black_yellow_striped,"grey_bricks,round_huts,middle_class_bungalows,impoverished_shacks","dry,flat,semi_arid_hills_covered_in_short_shrubs_near_Gaborone,red_soil_and_rocky_arid_east,white_dry_sandy_soil_midwest,power_line_to_west_northwest,green_leaves_and_tall_grass_northeast,red_asphalt_southwest_border","white,no_antenna",,,,3,blurs_on_urban_roads
Eswatini,Africa,Mbabane,english,,.sz,left,"long,green_bottom",,,"dark_brown_wood,insulators_on_sides,triple_insulators",,"type-A,white_red_reflectors","yellow_outer,white_center",,,green_background,MR,,,,"tall_golden_grass_west,pine_trees_west,greener_central_south,flat_southeast,sugar_canes_east","white,no_antenna",,,,3,concreate_bus_shelters
Ghana,Africa,Accra,english,,.gh,right,"white,yellow_commercial",,,,,,white,,,,,blue_background,black_white_striped,,"savannah_north,mountains_southeast,dense_forests_south_and_east,palm_trees_southwest,red_soil_central_east,mountains_central",black_tape_on_roof_rack,multicoloured_taxis,multicoloured_taxis,,3,
Kenya,Africa,Nairobi,english,,.ke,left,"long_white_front,square_yellow_rear",,,,,,"solid_white_outer,yellow_center",,,"green_background,white_border",,"triangular,white_background,red_border,four_bolts",,"rusty_metal_roofs,plaster,bricks","light_orange_soil_southeast,white_sandy_soil_and_palm_trees_Mombasa,farms_and_grassy_hills_west,flat_tan_soil_sparse_low_trees_northwest,succulents_southeast",snorkel,,,,"3,4","safaricom_mobile_network,visible_county_names"
Lesotho,Africa,Maseru,english,,.ls,left,long_white_blue_text,,white_on_red,,,,"yellow_outer,white_center",,,"green_background,white_border","A,B","triangular,white_background,red_border",,"round_huts,thatched_roofs","barren_mountains,horizontal_rocky_ridgelines,agave_plants,short_grass,flat_north,mountains_south",white_rear,,,,3,basotho_woollen_blanket
Madagascar,Africa,Antananarivo,french,,.mg,right,,,,,,,,,,,,,,,baobabs_west,,,,,trekker,
Nigeria,Africa,Abuja,english,,.ng,right,"short,white,green_text",,multiple_red_on_white,"indents,brazilian_horizontal_supports",,,"white,yellow_rare",,,,,"triangular,white_background,yellow_background,red_border,arrow_Abuja,rectangular_Ibadan,multiple_colors_Enugu,rusty_Benin_City",black_white_striped,steeply_pitched_metal_roofs,"haystacks_central,corn_field_north,green_grass_red_soil_southeast,scattered_trees_dry_grass_red_soil_west,dry_treeless_northwest,savannah_rocky_hills_central_east,hills_Abuja","pickup_truck,white,red,roof_rack_yellow_black_striped","white_police_car_south,black_police_car_north","poor_quality_roads,yellow_taxis_Lagos,green_taxis_Abuja,blue_white_taxis_Asaba,red_white_taxis_Ibadan,yellow_taxis_lower_black_lines_Enugu",,"3,4,shitcam","visible_city_names,south_christianity,north_islam"
Reunion,Africa,Saint Denis,french,,.re,right,"white,yellow","french_bollards,black_Saint_Paul,green_Saint_Denis",white_on_blue,french_poles,,,,,5_stripes,,,french_signs,,,"sugarcane_northeast_southwest,mountains_central,red_soil_and_shrubs_southeast","roof_rack,black_tape_bottom_right_bar",,,,3,
Rwanda,Africa,Kigali,"english,french",,.rw,right,"white_front,yellow_rear",red_on_white,,,black_white,,"white_outer,yellow_center",,,,,"triangular,white_background,red_border",,"security_fences,cobblestone_pavement_Butare","hilly,red_soil,tea_plants_west,volcanoes_northwest","white,brown,black_pickup_truck","clean,red_vest_motorcyclist","clean,red_vest_motorcyclist",,4,
Sao Tome Principe,Africa,Sao Tome,portuguese,,.st,right,,,,"portuguese,blue_bottom",,,,,portuguese,,,portuguese,,,"rainforests,banana_plants",blurred_out,,,,shitcam,
Senegal,Africa,Dakar,french,,.sn,right,"blue,european_plate",french_bollards,,french_poles,,,"yellow_outer,white_center,triple_center",,,,,"french_signs,pink_outline",french_signs,,"flat_arid_savannah_above_Gambia,greener_below_Gambia","white,silver_pickup_truck,silver_west,white_below_Gambia","black_lamps_solar_panel,yellow_taxis,white_taxis_Touba","black_lamps_solar_panel,yellow_taxis,white_taxis_Touba",TRUE,"3,4",
South Africa,Africa,Pretoria,english,rand,.za,left,"multiple_designs_with_2_letter_province_code_on_the_right,yellow_commercial",,"white_on_red,red_on_white","bird_poles,wooden_poles,A_poles_southwest,alternating_insulators_north_and_west,perpendicular_poles_north_and_east,metal_arms_east",,,,,,green_background,"N,R","triangular,white_background,red_border",yellow,"high_walls,fences","barren_orange_soil_with_hills_and_shrubs_northeast,rocky_treeless_mountains_Western_Cape,vineyards_Western_Cape,dry_red_soil_Northern_Cape,sugarcane_Kwazulu_Natal,cook_pine_trees_southeast,trees_east,golden_grass_Cape_Town,flat_green_subtropical_Mozambique_border,table_mountain_Cape_Town",camo_roof_rack_Kruger_National_Park,,,,"2,3,4",circular_distortion_gen2_only_found_in_South_Africa
Tunisia,Africa,Tunis,"arabic,french",,.tn,right,black_white_text,french_bollards,white_on_blue,"french_poles,fork_poles,indents",red_white,,"white,yellow_Sfax","arabic,latin",,white_background,,"triangular,white_background,red_border",,shade_of_blue,"mediterranean_hilly_Tunis,flat_and_olive_trees_between_Hammamet_and_Gabes,dry_semidesert_south_of_Gabes,palm_trees_Djerba","black,thin_antenna","dark_green,white,lighter_color_north_Hammamet_Sud,darker_color_south_Hammamet_Sud,police_car_Island_of_Djerba,white_Mitsubishi_Kairouan",,,3,
Uganda,Africa,Kampala,english,,.ug,left,"white_front,yellow_rear",,,"wooden_poles,3_voltage_relays,metal_circle_on_top",black_white,,,,,,,"triangular,white_background,red_border,yellow_border",,,red_soil_and_hilly_near_Kampala,"white_with_square_side_mirrors_Kampala,white_with_black_bar_in_national_parks_and_Katwe",,vans_with_blue_blocky_patterns,,3,
Bangladesh,Asia,Dhaka,bengali,,.bd,left,"white,black,turquoise_rickshaw",white_red_striped_concrete_bollards,,wooden_poles,,,,,,green_background,,"triangular,white_background,red_border",black_white_striped,tin_roofs,"mountain_roads_Chattogram_and_Lawachara_National_Park,bodies_of_water,agricultural_fields","white_gen3_southeast_of_Dhaka,striped_white_gen3_southwest_of_Dhaka,red_mirror_green_reflection,person_holding_hayfork_Sylhet,person_without_hayfork_Barishal",,"green_rickshaws,trees_with_bottom_painted_white",,"3,4,shitcam","trekker_with_red_reflections_Nijhum_Dwip,trekker_escorted_by_guard_Saint_Martin's_Island,trekker_left_mirror_visible_Hatiya_Island"
Bhutan,Asia,Thimphu,dzongkha,,.bt,left,red,,,thin_metal_poles_painted_black_bottom,,,white_outer_solid_southwest,,,green_background,,yellow_white_markers,,"traditional_Bhutanese_structure,tin_roofs,wooden_painted_frames","mountainous,flat_south,Gelephu_Airport_south,Paro_International_Airport_dry_west,Bumthang_Domestic_Airport_wet_central_east",grey_without_antenna,,"stone_blocks_on_rural_roads,prayer_flags,taxis_yellow_license_plate_yellow_roof",,3,the_only_left_hand_driving_country_with_grey_google_car
Cambodia,Asia,Phnom Penh,khmer,,.kh,right,"white_blue_text,green_for_commercial","white_red_striped_rectangular,red_white_pyramid_top,white_black_striped_southwest_border,triangular_bollards_southwest",yellow_on_black,"concrete_poles_with_indents,round_concrete_poles_with_holes,3_horizontal_beams_with_insulators_hanging_northwest",,,"white_outer,yellow_center",,,green_background,,"red_white_markers,yellow_diamond",,"wooden_houses_on_stilts,tiled_roofs_with_ornaments","flat_cultivated_northwest_and_south,natural_vegetation_northeast,hills_and_mountains_southwest,sandy_white_soil_southeast_of_Phnom_Penh,mountain_ridges_and_red_soil_northwest_border,rubber_trees_central_east,palm_trees_southwest","stubby_antenna_with_3_ridges,striped_white",,Buddhist_temples,,"3,shitcam","angkor,anchor_brands,shitcam_southwest"
Hong Kong,Asia,Beijing,"chinese,english",,.hk,left,"white_front,yellow_rear",yellow_bollards_with_white_arrow_in_blue_circle,,cylindrical_wooden_poles,grey,,"yellow_outer,white_center",,,"white_background,black_border,green_background,white_background_light_blue_border",,"triangular,white_background,red_border",cylindrical_grey_lamps_with_white_stickers,"skyscrapers,tall_apartments,air_conditioners_on_apartment_walls,wall_of_identical_apartments_southwest","flat_waterlogged_rice_paddies_northwest_border,tropical_vegetation_north",,,"grey_pedestrican_guardrails,yellow_pedestrian_crossing,red_fire_hydrants,orange_bins,black_yellow_striped_blocks_west_border",,"2,3,4",trekker_rural_towns_south
India,Asia,New Delhi,"hindi,english",,.in,left,"white,yellow_commercial,green_electric",,,"concrete_poles,metal_holey_poles_Kerala,metal_poles_with_mesh_pattern_Sikkim,vshaped_poles,holey_poles_Gujarat,poles_divided_in_two_sections_Pradesh_Telangana,thin_grey_metal_poles_northeast,trident_poletops_horizontal_bar_Haryana,flipped_triangle_poletops_thin_diagonal_support_central,flipped_A_shaped_poles_central,bow_shaped_central_east,tall_and_narrow_rectangle_west_Bengal,even_uneven_poles_northeast,<_shaped_poles_northeast,2_cross_bars_2_insulators_northeast,trident_poles_with_middle_bar_bent_northeast,short_crossbar_above_longer_one_Goa,window_shaped_top_Punjab_Haryana,yellow_marking_Kerala",black_yellow,,white,,,,,,"black_white_striped,black_yellow_striped_Delhi,black_yellow_striped_4_Bihar","mint_green_electricity_counters_Punjab,rounded_roof_tiles_central,flat_bright_orange_roof_tiles_south,metal_roofs_with_triangular_section_northeast,house_walls_made_of_square_panels_northeast,thatched_roofs_northern_plains_and_eastcoast,wooden_fences_square_pattern_northeast,wooden_huts_and_clay_huts_Bihar","trees_painted_white_black_bottom_Tamil_Nadu,chir_pines_Himachal_Pradesh,khasi_pines_northeast,canola_northwest,cotton_central_west,dark_soil_central_west,red_soil_central_east_and_southwest,dry_soil_northwest,very_red_soil_Tamil_Nadu","large_blur,white_square_shaped,red_square_shaped",,"yellow_tuktuks_souths,buddhist_prayer_flags_northeast,orange_or_green_bus_Delhi,separated_middle_lane_Ahmedabad,black_taxis_yellow_roof_Mumbai,taxis_with_yellow_hood_or_yellow_circle_Sikkim,trees_painted_white_and_red_bottom_Mumbai,trees_painted_white_and_brown_bottom_Mumbai",,"2,3,shitcam",
Indonesia,Asia,Jakarta,indonesian,rupiah,.id,left,black_white_text,"black_white_square,black_white_circular,black_yellow_with_red_reflector,uk_bollards_kalimantan,yellow_white_black_square_central_Sulawesi",black_on_yellow,"triangle_attachment_under_horizontal_bar_central_south_sumatra_and_west_java,extra_support_Lesser_Sunda_Islands,trident_pole_tops_central_java,rectangle_attachment_Bali,short_horizontal_attachment_northeast_Sulawesi,thin_black_poles_east_Sulawesi,two_colored_tapes_east_Sulawesi,balanced_bar_with_unevan_insulators_north_Sumatra",,"type-A,black_yellow_striped","white_outer,white_or_yellow_center",,,yellow_waystones_angled_towards_road,,,,"fences_painted_blue_or_red_Sulawesi,tiled_roofs_southern_half,metal_roofs_northern_half,horizontal_slots_inside_triangles_south_Sulawesi,high-pitched_roofs_Sumba,crown_shaped_roof_pinnacles_Bali,boat_shaped_roofs_west_Sumatra,roofs_made_of_wooden_chips_Kalimantan,gable_horns_central_Sumatra_central_Kalimantan_and_south_Sulawesi,churches_far_east","oil_palm_trees_Sumatra_and_Kalimantan,rice_Java_south_Sulawesi_and_south_Sumatra,dry_Nusas,savannah_north_Sumba,red_soil_Batam_and_Banga_Belitung_Islands","white_rear_with_short_antenna_gen3_Java,black_rear_gen3_Sulawesi,white_SUV_with_black_bars_Bali,black_car_with_person_sitting_Bali",,"bridge_sides_painted_green_central_south_Kalimantan,indomaret_convenience_store,bank_bri,bank_sumselbabel_south_Sumatra",,"3,4","cigarette_ads_with_black_or_red_scheme,motorcycles_with_front_license_plate,kabupaten_for_regency,utara_north,timur_east,selatan_south,barat_west,tengah_central"
Israel,Asia,Jerusalem,hebrew,,.il,right,"yellow_with_blue_strip,green_West_Bank",,black_on_white,"mesh_framework,yellow_warning_signs,blue_white_painted_bottom_south","black_white,red_white",,"yellow_outer,white_center",hand sign,,,,"red_white_markers,hand_stop_sign,white_background_blue_border_Jerusalem",,"jerusalem_stone,black_water_tanks_Ramallah","mountainous_north,dry_south,date_palm_plantations_Jordanian_border,rock_walls_with_cement_north,dead_sea_dry,sea_of_Galilee_more_vegetated","black_rear_long_antenna,dirty_front_camera_gen4,clean_camera_Tel_Aviv","white_central_south_West_Bank,black_northwest_West_Bank","little_parking_spots_Tel_Aviv,lamp_with_tree_bulbs_north,yellow_fences_and_signposts_north",,"3,4",
Japan,Asia,Tokyo,japanese,,.jp,left,white_green_text,"thin,circular_top_white_front_yellow_rear,orange_and_white_partitioned_rectangular_reflectors_Kyushu_and_Yamaguchi,black_strip_under_reflector_Shikoku,thick_bollard_with_octagonal_yellow_reflector_and_yellow_strip_Tohoku,thick_bollard_with_octagonal_yellow_reflector_and_2_yellow_strips_Akita,extendable_reflector_with_red_stripes_Toyama,octagonal_reflector_with_red_stripe_Okayama,extendable_with_circular_yellow_reflector_and_two_yellow_stripes_Aomori,no_reflector_with_red_stripes_Tohoku_and_Akita,extendable_snow_pole_with_red_stripes_Chugoku",,"vertical_yellow_stripes_on_black_background,diagonal_stripes,orange_arrow_Chugoku,orange_and_black_horizontal_band_Shikoku,horizontal_attachment_with_120_degrees_Kansai,horizontal_attachment_with_90_degrees_Shikoku",,"white,green_stripe_Kyushu,yellow_Yamaguchi,chevron_like_stickers_or_orange_stickers_Hokkaido,red_and_yellow_diagonal_striped_stickers_at_ends_Chugoku_and_Niigata","white_outer,dashed_white_center,yellow_center,yellow_and_white_center",ò­ªÞªì,blue_background_with_2_horizontal_lines,"blue_background_white_text,arrow_pointing_downwards_Hokkaido,hexagonal_shaped_prefecture_signs",,,,"red_tiled_roofs_Chugoku,white_concrete_buildings_with_flat_roof_Okinawa,northern_houses_with_ladders_to_remove_snow,shisa_statues_Okinawa","flat_plains_central_south,sugar_cane_Kyushu_and_Okinawa,chinese_silver_grass_Kyushu_and_central_north,bamboo_trees_south,white_birch_trees_Chubu_and_Hokkaido,rice_fields_central_and_north,tea_plantations_Shizuoka_and_Kagoshima,cabbage_Hokkaido","white,black,low_cam",,"traffic_mirrors_with_orange_frame,red_white_striped_downward_arrow_on_poles_Hokkaido,vertical_traffic_lights_Hokkaido,black_sign_with_2_yellow_circles_Kagawa,Kerosine_tanks_and_hot_water_system_found_commonly_further_north,tiny_circles_on_pavement_for_removing_snow_central_north_coast,light_blue_outer_lanes_Shikoku",,"1,2,3,4",
Jordan,Asia,Amman,arabic,,.jo,right,"white,green_stripe_commercial",,red_on_white,"diagonal_support,Y_pole_tops,metal_poles_with_diagonal_meshes",,,"yellow_outer,white_center",,,,,,black_white_striped,"white_stone,flat_roof","red_soil_Madaba,arid_south,palm_trees_southern_border",black_rear,,"poor_road_condition,yellow_green_taxis_Amman,olive_green_Aqaba",,3,
Kazakhstan,Asia,Astana,"kazakh,russian",,.kz,right,white_black_text,,"black_on_yellow,white_on_red","thin_grey_lamps_with_two_small_light_sources_south,blue_photocell_on_top_west,ascending_pattern_west",,,,,3_stripes,,,,,"gas_pipes,ornamental_patterns,yellow_boxes_connected_to_gas_pipes_southeast","lush_birch_forests_north,grassy_green_plains_northwest,dry_shrubs_southwest,snowy_mountains_southeast,hilly_and_forested_east,dry_shrubs_hilly_south","white_pickup_truck,visible_wire_left_west,3_dots_central_south,zigzag_smudge_left_east,dirty_roof_Almaty,small_smudge_left_Petropavl,thin_layer_of_dirt_north,vertical_line_of_dirt_right_Aktobe,dot_middle_right_west",,"yellow_white_pedestrian_crossing,barcodes_on_street_signs,trees_painted_white,orange_and_black_bus_Aktobe,yellow_and_white_bus_Zhezqazghan,white_green_black_bus_Astana,skyblue_bus_Karaganda,light_green_and_white_Semey,green_bus_Almaty",,4,
Kyrgyzstan,Asia,Bishkek,"kyrgyz,russian",,.kg,right,white_red_strip,white_black_striped,,"concrete_poles,red_yellow_green_white_striped_poles_next_to_Bishkek",,,divided_roads_around_Bishkek_and_Osh,,3_stripes,,,red_white_triangular_marker,,,"bodies_of_water_without_mountains_northeast,mountains_with_radio_masts_Osh,sunny_Karakol,orange_ridge_and_snow_capped_mountains_Naryn","silver,4_bars,less_road_visible_left_side_mirror_central_south,small_dot_left_side_mirror_northwest",,trees_with_bottom_painted_white,,3,
Laos,Asia,Vientiane,lao,,.la,right,"yellow,white_commercial,blue_government",white_black_striped,,square_concrete_with_small_pinholes,"red_white,yellow_white,black_white",,white,2_letter_lao_script,5_stripes,blue_background,,blue_background_back_Luang_Prabang,red_white_striped,"historical_architecture_Luang_Prabang,Mekong_river_bridge_Pakse","Mekong_river_and_mountains_Luang_Prabang,palm_trees_Luang_Prabang,rugged_mountain_range_Vang_Vieng,flat_and_red_soil_Savannakhet,dry_hills_and_red_soil_Pakse",roof_rack_except_Vientiane,,"tourism_related_signs_Vang_Vieng,concrete_road_blocks_east_of_Vientiane",,3,
Lebanon,Asia,Beirut,"arabic,english,french",,.lb,right,"white_blue_strip,red_blue_strip_taxis",,,metallic_mesh_poles,,,,,,,,,,sandstone_bricks,,,,,,"3,shitcam",
Macau,Asia,Beijing,"chinese,portuguese",,.mo,left,black_white_text,,,grey_lamp_posts_painted_black_bottom,,,"white,white_outer,yellow_outer",,,,,,,,,,,"gambling_culture,parking_meters",,2,
Malaysia,Asia,Kuala Lumpur,malay,ringgit,.my,left,black_2_white_sections,"double_red_reflectors,australian_with_black_and_white_stripes",black_on_yellow,"black_stickers_mainland,black_stickers_with_TEL_TNB_Johor,white_stickers_west_Borneo,2_small_circles_on_support_mainland,uneven_insulators_with_diagonal_support_west_Borneo,2_parallel_pole_tops_east_Borneo,boomerang_shaped_support_central_west_Borneo",black_white,,"double_white_center,horizontal_yellow_bars",BERHENTI,,"blue_background,green_background,hexagonal_yellow_highway_shields,yellow_background_Johor,green_background_with_arrow_and_yellow_hexagon_written_JKR_east_Borneo",,"BERI LALUAN,blue_white_marker",black_white_striped,,,grey_car_with_front_right_antenna_central_Borneo,,"trash_bin_logo_resembling_S_south_mainland,trash_bin_logo_resembling_wings_northwest_mainland,trash_bins_with_Alam_Flora_central_mainland,blue_cylindrical_containers_central_borneo",,"3,4","mainland_gen4,Borneo_gen3"
Mongolia,Asia,Ulaan Baatar,mongolian,,.mn,right,white_red_soyombo_symbol,bowling_pin_shaped_with_2_red_stripes,,,,,,¬©¬°¬¤¬³,3_stripes,,,,,"white_round_yurts,giant_sword_statue_far_east","grassy_fields_north,off_road_desert_southeast,paved_desert_roads_southeast,dry_rugged_hills_west,lakes_and_rivers_west,snow_around_ulaan_baatar,orange_colored_trees_north,crop_fields_ulaan_baatar,","rubber_inlays_west,empty_roof_racks_east,netted_spare_tire,single_strap_spare_tire,spare_tire_with_no_strap,without_spare_tire,blue_tent_with_orange_roof_rack_straps_east,tent_with_red_straps_east,blue_tent_with_backwards_snorkel_north_ulaan_baatar,no_tent_around_ulaan_baatar,no_tent_with_backwards_snorkel_southeast_of_ulaan_baatar,silver_tent_central_and_northwest,tent_with_hooks_west,tent_with_missing_left_hooks_far_west,cage_on_roof_around_ulaan_baatar,gen_4_blue_white_patterns_around_ulaan_baatar,loose_tent_cover_left_south",,"concrete_roads_Choibalsan,pedestrian_sign_short_figure_choibalsan,sailboat_lamp_posts_Zamiin_Uud",,"3,4",
Nepal,Asia,Kathmandu,nepali,,.np,left,,,,,,,,,,,,,,"grey_brick,colorful_metal_roofs,rock_walls,white_painted_buddhist_stupa",mountainous,,,,,"trekker,tripod",
Oman,Asia,Muscat,arabic,omani_rial,.om,right,"yellow,red_commercial",,black_on_yellow,"wooden_poles,3_insulators_on_horizontal_bar_with_diagonal_supports,vertically_attached_insulators,red_and_white_painted_high_voltage_pylons",black_and_yellow,,"yellow_outer,white_center",,,blue_background,,,black_and_white_stripes,"bright_colored_houses,blocky","dry_mountainous_north,rolling_hills_with_green_landscape_far_south,sandy_desert_with_light_colored_green_shrubs_northeast,flat_coastal_plain_with_mountains_at_distance_Salalah,grey_soil_Masirah_Island,acacia_trees_north_coast,palm_trees_north_coast_and_Salalah,orange_soil_northeast,light_colored_sand_dunes_south,","white_pickup_truck,large_blur_northwest,antenna_bent_towards_camera_north,straight_antenna_north,antenna_facing_away_from_camera_Muscat,no_wire_northwest,wire_wrapped_around_bar_north,wire wrapped_along_bar_northwest,wire_wrapped_with_cable_tie_northeast,2_cable_ties_south",,"black_or_grey_trash_can_with_3_leaf_logo,grey_trash_bins_north,black_trash_bins_with_white_sticker_north_and_south,red_and_white_taxis",,4,
Pakistan,Asia,Islamabad,"urdu,english",,.pk,left,white_green_strip,,,,,,,,,,,,,temples,"dry,mountainous",,,very_crowdy_Lahore,,"trekker,tripod",traditional_clothings
Philippines,Asia,Manila,"filipino,english",,.ph,right,"white_black_text,yellow_commercial,green_private",,red_on_white,"wooden_poles,metal_poles_with_swirly_insulators_hanging,octagonal_metal_poles,single_insulator_attached_on_vertical_bar,square_concrete_poles_with_indents_on_both_sides_northern_Manila_and_Negros,2_vertical_metal_bars_connected_by_thin_steps_Manila,square_metal_mesh_poles_western_Mindanao,3_unevenly_hanging_insulators_Mindanao",,"black_and_yellow_striped_concrete_guardrails_far_north,triple_black_stripes_Bicol","white,white_center,yellow_center",,,green_background,,yellow_stone_markers,"red,orange,yellow,yellow_lamp_posts_with_black_stripes_Siquijor","thatched_roof,corrugated_metal,amakan_walls_diamond_pattern_southern_half,amakan_walls_diagonally_woven_pattern_Palawan_and_northern_half,muslim_architecture_western_Mindanao,destroyed_houses_western_Mindanao","forested_mountain_range_northern_Luzon_and_Mindanao,corn_plantation_northern_Luzon_and_Mindanao,oil_palm_plantation_Mindanao,sugarcane_Negros_and_Panay,pineapple_plantation_Mindanao,banana_plantation_central_and_southern_Mindanao,Mayon_Volcano_with_cone_shape","white_rear_with_black_roof,silver_rear,black_car_with_roof_rack_far_south,tape_on_the_back_Bohol,orange_car_Corregidor,open_vehicle_with_black_bars_Mayon_Volcano",,"concrete_road,phone_ads,election_posters,tuktuks,motorcyles,grains_on_roads,decorations_made_by_mountain_dew_bottles_northern_Luzon,tractor_with_long_front_part_northern_Luzon,white_waystone_resembling_washington_monument_northwestern_Manila,6_lane_wide_road_with_2_wires_connected_by_continuous_joints,images_and_statues_of_Roman_soldiers_Marinduque",,"3,4",
Qatar,Asia,Doha,"arabic,english",,.qa,right,"white_red_strip,black_trucks,blue_police",black_strip_with_red_reflector_front_and_white_reflector,"white_on_red,white_on_blue",round_poles_with_3_insulators_and_2_diagonal_supports,,,"white_outer,white_center,yellow_center",,2_dashed_horizontal_lines_with_person_wearing_thobe,,,,,,"dry,flat","white_pickup_truck,blurred,short_antenna_north,long_antenna_around_Doha,long_antenna_tilted_to_the_right_southwest",,2022_world_cup_banners,,"3,4",airport_and_museum_trekkers
Russia,Asia,Moscow,russian,,".ru,.¬â¬æ",right,white_black_text,"german_bollards,slovenian_bollards,sharp_looking_hungarian_bollards,thin_bollards_east,black_top_with_double_red_circular_reflectors_Kostroma_Oblast",white_on_red,"wooden_poles_attached_to_concrete_supports,black_and_white_diagonally_striped_shields_near_European_border,square_poles,poles_with_diagonal_support,black_and_white_stripes_on_bottom,red_white_stripes_Ulyanovsk_Nizhny_Novgorod_Saransk,yellow_pole_plates_Tatarstan,mesh_poles_Petrozavodsk,red_painted_poles_Murom,angled_extended_insulators_Chita",black_and_white_striped,black_and_white_striped,outer_dashed_far_west,,"3_stripes_with_yellow_border,clips_on_edges_St.Petersburg_Pskov_Novgorod,u_shaped_hook_Chelyabinsk,hanging_signs_Nizhnevartovsk","¬å¬Ý¬Ú¬è¬Ñ, ¬å¬Ý., ¬Ô¬à¬â¬à¬Õ, ¬Ô., blue_background,bilingual_signs_near_Baltic_border,brown_signs_Moscow_Oblast",,blue_markers,"black_painted_bottom,double_yellow_stickers_Murmansk",rural_houses_made_of_dark_logs_with_colorful_windows,"cabbage_Sakhalin,larch_trees_Siberia_and_Far_East,pink_flower_north,sunflowers_Ukrainian_border,blue_pod_lupines_near_Baltics,black_poplar_Ukrainian_border_and_western_Kazakhstan_border,olive_trees_Kazakhstan_border,grey_soil_Kamchatka","black_rear_long_antenna,white_rear_long_antenna,blurred_rear_short_antenna",,"large_number_of_bollards_near_intersections,wide_roads_near_intersections,white_and_yellow_striped_pedestrian_crossings,trees_painted_white_bottom,steering_wheel_on_right_east,concrete_road_north_west,bright_orange_fences_Irkutsk",,"2,3,4",
Singapore,Asia,Singapore,"malay,english,tamil,singaporean mandarin",,.sg,left,"black_white_text,white,yellow,red",,,curved_metal_traffic_pole_with_holes,black_and_white_striped,,"yellow_outer,white_center",,,"green_background,blue_background",,"square,AHEAD,HUMP,yellow_box_with_black_curved_arrow,green_outer_lane_Sentosa",green_Sentosa,,,,,,,"2,3,4",
South Korea,Asia,Seoul,korean,,.kr,right,"green,white,yellow_commercial",white_black_yellow_or_white_circular_reflector,black_on_yellow,black_and_yellow_diagonal_stripes,,,"white_outer,yellow_center",,,"blue_background,arrow_shaped,green_background",,"triangular,yellow_background,white_background,red_border,blue_background",,"red_bricks,traditional_tiled_roofs","mountainous,dark_dirt_Jeju,rock_walls_Jeju,completely_flat_green_field_Gimje","black_rear,white_rear,silver_rear",,yellow_and_white_diagonal_pedestrian_crossings,,"2,3",
Sri Lanka,Asia,Colombo,"sinhala,tamil",,.lk,left,"long_white_front,short_yellow_rear",short_wide_stone_bollards_white_top_black_bottom,,"metallic_poles_with_3_insulators,square_poles_with_pinholes,holey_poles",,,"white_outer,white_center",,,,,,black_white_striped,buddhist_structures,"red_soil,white_soil,lush,palm_trees,orange_tiled_roofs,wet_climate_southwest,drier_less_vegetation,north_and_southeast,tea_plantation_southwest","blue_white_red_rear_gen3,low_cam_gen4",,green_tuktuks_with_black_roof,,"3,4,shitcam",
Taiwan,Asia,Taipei,chinese,,.tw,right,white_black_text,black_rectangle_with_yellow_circular_reflectors,"black_on_yellow,bent_signs_south","black_and_yellow_diagonal_stripes_touching_bottom,flipped_L_shape_poles_with_diagonal_support,blue_plaque_E3264_sectionE_32east_64north",,circular_reflectors,"white_outer,yellow_double_center,no_center,blue_outer_Penghu",,,green_background,,,"red_white_diagonally_striped_Kinmen,red_white_diagonally_striped_on_trapezoidal_base_Kaoshiung,green_stickers_Chiayi","boxy_buildings,light_green_sheds_made_of_tin,old_disorganized_urban_structures_north,red_brick_buildings_north","flat_farmlands_central_west,mountains_central_east,flat_plains_surrounded_by_mountains_east_and_west_east_coast,rice_paddies_surrounded_by_mountains_except_east_north_east,areca_palms_central_and_south,coconut_palms_south,leafless_trees_Penghu,fish_arms_west_coast,tea_plantations_central_and_north","black_rear_with_long_antenna_gen3,large_blur_gen3,blue_pickup_truck_Taipei_City",,"traffic_mirrors_with_orange_frame,red_outer_lines,concrete_drainage_ditches,distribution_transformers,pavement_with_white_speckles_east_coast,distribution_transformers_raised_on_heights_north",,"2,3,4","area_code_ascending_towards_south,road_2_5_north_4_6_central_west_8_10_south_west_1_3_main"
Thailand,Asia,Bangkok,thai,,.th,left,"white,yellow_commercial",square_with_pointed_top_and_black_white_stripes,,"square_with_small_holes,red_and_black_or_black_and_white_stripes_painted_bottom,long_thin_lamp_posts_attached,nets_attached_central_and_south,insulators_with_8_ridges_Chiang_Rai_and_south",,,"white_outer,yellow_center",,,"green_background,blue_background",,"white_markers_pointed_top,yellow_diamond_shaped",white_square_painted_black_bottom,,"flat_and_dry_north_of_Bangkok_and_east,tall_mountains_northwest,palm_plantations_south,red_soil_Laos_border,rubber_wood_plantations_south,rice_fields_west_and_east","visible_left_side_mirror_far_south,bar_protruding_out_east_Bangkok",,"concrete_roads,royal_flags_painted_yellow,green_signs_with_white_text",,"3,4",
Turkey,Asia,Ankara,turkish,,.tr,right,eu_plate,thin_white_bollard_with_red_reflector,"red_on_white,yellow_on_black_upwards,narrow_white_on_red,lemon_on_black_far_east_and_far_west,black_on_yellow_Izmir","black_orange_black_white_snow_poles,ladder_shaped_metal_poles,meshed_metal_poles",,"type-A,type-B,red_reflectors","white,yellow",DUR,,"blue_background,white_background,blue_or_red_street_signs_with_round_top_Ankara,dark_blue_street_signs_bulged_outwards_Izmir,light_blue_and_grey_tourist_signs_far_west,red_street_signs_with_colored_bottom_strip_Istanbul,red_and_oval_shaped_street_signs_Trabzon_and_Yalvac,green_street_signs_with_extruded_letters_Bursa,flat_green_street_signs_without_border_Bolu",,"triangular,white_background,red_inner_border,white_outer_border",,"square_apartment_blocks,mosques,tall_minarets,structures_on_hills,tiled_roofs_west,flat_roofs_south_and_southeast,metal_roofs_east,horizontal_water_tanks_south,octagonal_water_tanks_south,spherical_water_tanks_southeast,greenhouses_southwest_coast","uncultivated_grasslands_northeast,tea_plantations_northeast,olive_trees_west_and_south,sunflowers_northwest,vineyards_Izmir,cotton_southeast,Lake_Van_east,volcanic_rocks_southeast,snow_coverage_Kayseri_and_Erzurum,mountainous_or_hilly_Kayseri,flat_Erzurum,banana_plantations_south","no_antenna_gen3,white_rear_gen4",,"grainy_roads,divided_highways,pedestrian_bricks_concaved_middle,yellow_taxis,metal_trash_bins_with_regional_hints,4_lane_divided_highways_with_no_divider_central_and_east",,"3,4",
United Arab Emirates,Asia,Abu Dhabi,"arabic,english",,.ae,right,"white_black_text,green_commercial",,,wooden_poles_with_3_insulators,"black_white,black_yellow",,"yellow_outer,white_center,yellow_center",,,"blue_background,green_background,arabic_and_english,blue_background_with_metal_border_Dubai",,"triangular,white_background,red_border",black_white_striped_with_circular_sign,"white_flat_topped_houses,race_track_Abu_Dhabi","mountainous_east,light_colored_mountains_visible_to_east_far_north,mountainous_west_flat_east_east_coast","white_rear_with_black_roof_racks_gen3,white_pickup_truck_gen4,black_rear_gen4,white_visible_mirrors_sparse_vegetation_Sir_Baniyas_Island,trekker_in_cities_Al_Ain,trekker_at_sand_dunes_far_south",,"divided_roads,roundabouts",TRUE,"3,4",
Albania,Europe,Tirana,albanian,,.al,right,"blue_strips_on_both_sides,left_red_strip,orange_taxis","black_top_with_red_and_grey_reflectors,thin_white_bollard_with_red_reflector_southeast",white_on_black,"upside_down_triangle,cross_shaped_6_insulators_grouped_by_2",,endings_bent_away_from_road,"white_outer,white_center,yellow_center",,5_stripes,"rruga,green_background",,"back_painted_black,bold_font_on_speed_signs,triangular,white_background,red_inner_border,white_outer_border,diamond_shaped_yellow_center_white_border",,"cylinder_shaped_water_tanks_on_roofs,orange_tiled_roofs,blocky_shapes,pastel_colors,balconies","mediterranean_climate,low_and_flat_west,mountainous_far_north_and_far_south","long_antenna,short_antenna",,"concrete_barrier_blocks,concrete_arches,yellow_taxis,,green_taxis_Tirana",TRUE,3,
Andorra,Europe,Andorra la Vella,catalan,,.ad,right,left_orange_dot,"snow_poles_with_variety_of_colors,spanish_bollards_with_smaller_reflectors",,square_holey_poles,,"type-A,yellow_reflectors","white_outer,white_center",,8_stripes,carrer,"CS,CG","green_and_red_markers,triangular,white_background,red_border,circular_signs_with_thick_red_border",,"stone_buildings,Caldea_tower_and_sky_wheel_Andorra_la_Vella,barren_mountains_Pas_de_la_Casa",mountainous,short_antenna_gen3,,"yellow_and_green_traffic_cones_with_2_white_stripes,pedestrian_crossings_with_red_and_white_stripes",,"2,3",snow_trekkers_gen2
Austria,Europe,Vienna,german,,.at,right,left_blue_strip,"black_cap_with_red_and_grey_reflectors,yellow_natural_gas_poles,red_and_white_striped_thin_poles","white_on_red,red_on_yellow",round_wooden_poles,,,"white_outer,white_center",,man_wearing_hat_with_2_dashed_lines,"blue_background,white_background_with_blue_outlines,green_background,EINBAHN",,"circular,thick_red_border,green_yellow_bus_stop_sign_with_H,blue_marker_with_2_numbers_separated_by_comma,Anfang,Ende",,"alpine_architecture,light_colored_walls,balconies,dark_colored_roofs_extending_outward","mountainous_central_and_west,vineyards_east","short_antenna,tin_foil_antenna_far_west",,,,"2,3,4",
Belarus,Europe,Minsk,"belarusian,russian",,.by,right,"white_black_text,white_red_text",black_bollard_looking_structure_resembling_chess_pawn,,,,,"white_outer,white_center",,3_stripes,green_background,,,,The_Holy_Spirit_Cathedral,,,,"grey_rectangular_tiles,pastel_colored_tiles",,trekker,
Belgium,Europe,Brussels,"dutch,french,german",,.be,right,"left_blue_strip,white_red_text","white_bollards_with_yellow_and_white_reflector,black_bollards_with_2_red_stripes",red_on_white,"concrete_square_shaped_with_tiny_holes,small_metal_wrappings,oval_shaped_holes,black_and_yellow_striped_traffic_posts,rocket_shaped_meshed_poles",,"type-A,yellow_reflectors","white_outer,white_center",,square_head_man_with_2_dashed_lines,"blue_background,white_background_with_black_outlines",,"triangular,white_background,red_border,additional_blue_sign,green_white_markers,circular_signs_with_small_orange_diamond,EXCEPTE_UITGEZONDERD,thick_red_border_Flanders,small_white_border_Wallonia","orange,yellow_busstop_signposts,white_rectangle_top_Flanders_and_Brussels,yellow_top_Wallonia","red_brick_houses,grey_roofs_south,blurred_houses,wall_of_buildings_northwest_coast,wind_turbines","flat_northwest,hilly_southeast","long_antenna,short_antenna,blurred",,"rural_concrete_road_blocks,white_bike_lanes,red_water_hydrants_with_tall_thin_post_and_letter_H,gutters_on_both_sides_of_roads,Netherlands_border_Baarle_Hertog,multidot_lines",,"2,3,4",
Bulgaria,Europe,Sofia,bulgarian,,.bg,right,left_blue_strip,"croatian_or_hungarian_bollards,manholes",red_on_white,"concrete_cylindrical,hook_shaped_insulators,upward_facing_insulators,downward_facing_insulators",,"type-A,red_reflectors","white_center,thin",,4_stripes,"¬å¬Ý¬Ú¬è¬Ñ,blue_background,white_background,bilingual,white_background_with_2_red_stripes_Sofia,brown_background_Stara_Zagora",,"skyblue_markers,triangular,white_background,red_border",,"orange_tiled_roofs,metallic_trash_bins,alpine_structures_south,white_stone_walls_and_cobblestone_streets_Nessebar","flat_fields_with_mountaints_in_distance_southwest,wind_turbines_northeast","blue_car,red_car,flag_antenna_gen3,invisible_gen4_north_and_west,red_rear_short_antenna_southeast_quadrant,short_flag_antenna_eastern_half,long_flag_antenna_central",,"yellow_taxis_with_checkerboard_patterns,cracks_on_roads",,"3,4",
Croatia,Europe,Zagreb,croatian,,.hr,right,"left_blue_strip,white,HR","white,black_rectangle_with_red_reflector","red_on_white,red_on_yellow","cylindrical_poles,alternating_hooks",,type-B,"white_outer,white_center",,"5_stripes,belt","green_background,yellow_background,black_outlines,town_names_ending_in_ec_north",,"triangular,white_background,red_border,green_markers",blue_traffic_sign_post_Rijeka,"red_brick_walls,blue_fire_hydrants,beige_bricks_Adriatic_coast","flat_northeast,hilly_agricultural_north,rocky_mountains_and_shrubs_Adriatic_coast,red_soil_Istria,vineyards_Serbian_border,cypress_trees_far_south","antenna,yellow_sticker_on_car_mirror_gen3,red_hat_gen2",,"Konzum_Plodine_supermarket_chains,trams_Zagreb_and_Osijek,blue_electric_trams_Zagreb",,"2,3,4",
Czechia,Europe,Prague,czech,,.cz,right,"left_blue_strip,white",double_orange_reflectors_with_white_reflector_back,"red_on_white,red_on_yellow","wide_concrete_poles,short_horizontal_bars,diagonal_support_bars_with_6_insulators,trident_arms_bent_upwards_with_tall_middle_supports_resembling_Indian_pole",,"type-B,wider","white_outer,white_center",,5_stripes,"arrow-shaped_signs,border_color_padded,blue_background,green_background,red_background,thin_font,white_background_east,pairs_of_black_and_white_house_plates_Brno,octogonal_red_and_white_house_plates_Pilsen,red_house_plate_with_Roman_numerals_Liberec,yellow_house_plate_with_black_outline_Pisek,bilingual_house_plates_Polish_border,blue_house_plate_with_large_text_Sumperk",,"yellow_markers,railway_cross_signs_without_background","thick_base,red_and_white_stripes,hiking_markers,black_caps","apartments_with_colorful_patterns,diagonal_tiled_roofs,houses_connected_in_pairs,dark_wooden_supports_with_white_stripes_north,multiple_houses_connected_with_large_front_doors_Moravia","rolling_hills,Moravian_wine_region_southeast,rolling_landscape_with_steep_solitary_hills","flag_antenna_gen3,long_antenna_with_partially_blue_rear",,,,"2,3,4",
Denmark,Europe,Copenhagen,danish,,.dk,right,"left_blue_strip,white,yellow,parrot","yellow_reflector_with_orange_stripe_on_top,blue_variant,square_stone_bollards_painted_red_on_top",red_on_white,large_overhead_power_lines,,type-B,"white_outer,white_center,small_white_squares",bus_stop_signs_with_5_windows,"5_stripes,touching_the_edge","pipe_frames,blue_background,green_background,white_background,street_names_ending_in_vej,green_bicycle_signs_Bornholm",,,pipe_frame_bent_around,"red_brick,orange_dark_brown_roofs,thatched_roofs,corrugated_roofs,timber_frame_walls,seaweed_roofs_Laeso","flat_fields,gloomy_overcast_weather_with_sandy_soil_Anholt","short_antenna_gen3,blue_rear_gen4",,"bicycle_paths,red_postal_boxes,Ingo_ok_uno-x_Yx_gas_station_brands,green_pink_busstop_Bornholm",,"2,3,4",
Estonia,Europe,Tallinn,estonian,,.ee,right,left_blue_strip,"thin,black_diagonal_strip_with_white_or_yellow_reflector,black_and_yellow_stripes_underground_powerlines",white_on_red,"round_or_square_poles_with_diagonal_support,trident_pole_tops,metal_cap_on_top",,"type-A,no_reflectors","white_outer,white_center,short_dashes_outer",bus_stop_signs_with_4_windows,"3_stripes,simpler_pedestrian_design","street_names_ending_in_tee,blue_oval_house_plates,blue_background",,"blue_marker_perpendicular_to_road,thin_red_border_without_white_outline",blue_and_white_stripes,"combination_of_wood_and_white_brick,corrugated_metal_roofs,painted_stone_walls","flat,forested",short_antenna,,"thin_roads,cyrillic_signs_northeast,green_maple_leaf_attached_on_car_windows",,"3,4",
Faroe Islands,Europe,Torshavn,faroese,,.fo,right,"left_blue_strip,blue_text",small_wooden_sticks_painted_red_and_yellow,red_on_white,,,"type-A,yellow_reflectors,rusty","white_outer,white_center",bus_stop_sign_with_5_windows,6_stripes,"yellow_background,black_outlines",,,,"wood,above_ground_basement,metal_or_grass_on_roofs,buildings_above_3_floors_Torshavn,wind_turbines_north,black_houses_with_red_window_frames_and_grass_on_roofs_central","long_wide_fjords,green_mountains,rocky_ridge_lines,no_trees,snowy_mountains_north_and_west,pyramid_shaped_snowy_mountains_north,wide_strait_central,low_clouds_far_north","roof_rack,no_clouds_south,hazy_south,foggy_far_south,boat_trekker_central",,traffic_mirrors,,3,
Finland,Europe,Helsinki,finnish,,.fi,right,"left_blue_strip,white_Aland","thin,black_diagonal_strip_with_white_reflector,orange_snow_poles_with_white_band_near_top,blue_poles_pipe_underground",yellow_on_black,wooden_poles,,"type-A,no_reflectors","solid_white_outer,white_center,yellow_center,dashed_outer_Aland","bus_stop_sign_with_5_or_7_windows,white_plate_with_4_numbers_and_semi_circle_on_top_Aland","5_stripes,walking_more_distance,4_stripes_Aland","street_names_ending_in_tie_or_katu,blue_background,white_text,white_arrow,sami_language_using_letter_c_north",,"yellow_background,red_inner_border,yellow_outer_border",blue_and_white_stripes,dark_red_wooden_houses,"birches,pine_trees,lakes,farmlands_southwest,wind_turbines_west_coast,thin_stunted_trees_north","long_antenna_southwest,no_antenna_south",,"k-market_s-market_chains,red_roads_Aland,green_and_yellow_trams_Helsinki,red_trams_Tampere,blue_and_white_buses_Helsinki,blue_bottom_buses_Tampere,yellow_buses_Turku,green_buses_Jyvaskyla,pink_buses_Oulu,ABC_gas_station",,"1,2,3,4",
France,Europe,Paris,french,,.fr,right,"left_blue_strip,white,yellow","white_with_cone_shaped_top_and_red_or_white_reflector,red_top,wedge_shaped_bollards_with_white_reflectors",white_on_blue,"ladder_poles,diamond_shaped_top,wooden_poles,thin_octagonal_metal_poles,blue_stickers,arrow_head_shaped_top",,"type-A,type-B,square_markers_with_red_top,cuboid_stone_barriers_Corsica","white_outer,white_center,long_dashed_right,2_offset_blocks_center,passing_zone_arrow",,"5_stripes,disconnected_head","RUE,blue_background_with_red_and_green_signs_attached,small_yellow_signs_starting_with_D,white_background,black_outline,blue_house_plates,Plou_northwestern_Brittany,Carriera_Toulouse,Carriero_Avignon,Karrika_far_south_west,u_iu_ju_Corsica,carrer_far_south,dark_blue_background_with_green_border_Paris,uninterrupted_white_border_Lyon,interrupted_white_border_with_city_emblem_upper_left_corner_Marseille,Arr_on_separate_sign_Bordeaux,M_written_upper_left_corner_Montpellier,red_slanted_fleur_de_lis_Lille",,"red_white_green_markers,triangular,white_background,red_outline,white_border,austrian_flag_colored_marker","flat_post,short_posts,dark_green_Brittany_and_Paris,dark_green_post_with_light_green_back_Calais,brown_back_Seine_et_Marne,dark_blue_post_French_Riviera,red_post_Bordeaux","grey_or_light_colored_stone_houses,wind_turbines_north,black_shingle_roofs_northwest_and_Pyrenees,black_roofs_edge_chimneys_black_slate_walls_stones_surrounding_doors_and_windows_Brittany,roofs_with_rounded_overlapping_tiles_south,dark_red_brick_houses_far_north,bright_orange_brick_buildings_with_wooden_shutters_Toulouse,uneven_stone_wall_houses_around_Paris,multi_story_bright_colored_buildings_south_east_coast,white_houses_with_timber_frame_south_west,houses_with_timber_frame_and_half_hip_roof_Alsace","red_road_Burgundy,flat_north_and_west,mountainous_southeast_and_southwest,hedges_west,stone_pines_southeast_coast,maritime_pines_southwest,wine_plantation_Bordeaux_Paris_south_coast,sun_flowers_southwest,lavender_fields_southeast,salt_farms_Ile_de_Re_and_Ile_de_Oleron","white_rear,long_antenna,red_flag_Belgian_border,blue_flag_far_east_and_central_west,short_grey_flag_east_and_northwest,green_flag_south_east,yellow_flag_far_south_west,red_blue_striped_flag_Brittany,long_grey_flag_south_of_Paris",,,,"2,3,4",
Germany,Europe,Berlin,german,,.de,right,left_blue_strip,"white,black_rectangle_with_white_reflector,2_bolts_back,darker_reflectors_northwest_and_southeast,green_top_west,wooden_bottom_southeast,orange_thin_bollards_southeast,red_cap_east,fully_yellow_bollards_east",red_on_white,"wooden_poles_with_small_white_sticker,horizontal_bars_with_uneven_insulators,triangles_on_top,T_shaped,round_concrete_poles_east,trident_pole_top_central_and_south",,"type-A,west,type-B,east","white_outer,white_center","bus_stop_sign_with_yellow_background_and_green_H,no_stop_signs_with_white_arrow","5_stripes,belt","EinbahnstraBe,yellow_background,black_outlines,white_background,street_names_ending_in_weg_str_straBe_bahn_stein",,"back_painted_black_or_grey_with_sticker,blue_markers,white_markers_southeast,smaller_white_markers_northwest,metallic_border_markers_northwest",,"blurred_houses,wind_turbines,thatched_roofs_north,black_slate_walls_middle","flat_north,hily_central,moutainous_south,pines_northeast,trees_painted_white_bottom_northeast,vineyards_southwest,hop_fields_around_Munich","blue_rear,antenna,black_and_white_rear_gen4_Hamburg_and_Frankfurt,antenna_gen3_Hamburg",,"yellow_mailbox,green_markers_on_trees_north",,"2,3,4",
Gibraltar,Europe,Gibraltar,english,,.gi,right,"left_blue_strip,white,yellow",,,,,,"yellow_outer,white_center,zigzag_lines",,,white_background,,,,"mediterranean_structure,minarets_south_coast",massive_limestone_mountain,long_antenna_with_silver_tip,,"christmas_decorations,monkeys",,3,
Greece,Europe,Athens,greek,,.gr,right,"left_blue_strip,white,yellow",black_diagonal_strip_with_square_red_and_white_reflectors,white_on_black,"tall_dark_brown_wooden_poles,harp_shaped_pole_tops,5_vertical_insulators,small_lamp_attached_with_round_shade",,type-A,"white_outer,soild_double_white_center,solid_double_yellow_center",,2_horizontal_dashed_lines,"blue_background,white_background,yellow_greek_and_white_latin,town_entry_signs_with_2_horizontal_blue_strips_top_and_bottom",,"yellow_background,red_border,blue_markers",,"miniature_churches,white_houses,orange_tiled_roofs,blue_fences_doors_shutters_Cyclade_islands,large_amount_of_antennas_on_roofs_Thessaloniki","mountainous,flat_agricultureal_valleys_north_and_central,tall_mountains_west,olive_plantations_Crete_and_southern_Peloponnese,citrus_plantations_south_coast","blurry_gen2,antenna_gen3,blue_rear_gen4",,"yellow_taxis_Athens,blue_taxis_Thessaloniki,buses_with_blue_and_yellow_pattern_Athens,buses_with_Romanian_flag_pattern_Thessaloniki",,"2,3,4",
Hungary,Europe,Budapest,hungarian,,.hu,right,"left_blue_strip,yellow","black_diagonal_strip_with_red_and_white_reflectors,blue_reflectors",white_on_red,"concrete_holey_pole_with_holes_reaching_ground,wooden_poles",,"type-A,red_reflectors","white_outer,white_center,yellow_bicycle_lanes",,"5_stripes,low_belt","street_names_ending_in_utca,E_roads_green,M_roads_blue,thick_metal_frame_west,blue_or_green_signs_attached_to_poles_east,roman_numeral_Budapest",,"green_markers,4_bolts_on_signs",tall_posts,"light_colored_houses_with_red_tiled_roofs,combined_houses,speed_camers_on_rectangular_steel_frames","flat_southeast,hills_and_mountains_north_and_west,",flag_antenna_gen3,,,,"2,3,4",
Iceland,Europe,Reykjavik,icelandic,,.is,right,white_blue_text,yellow_bolloards_with_white_reflector,yellow_on_black,,,type-A,"white_outer,white_center",,"4_stripes,yellow_tint","yellow_background,road_number_in_white_box,white_background,blue_background",,"yellow_background,red_border",,pastel_colored_houses,"barren,treeless,overcast_weather,dark_soil,mountainous,rugged,rocks,narrow_fjords_and_flat_topped_mountains_Westfjords,larger_and_jagged_mountains_east,volcanic_ash_southwest,farmlands_southwest,ice_glaciers_southeast",long_antenna,,,,3,overcast_coverage
Ireland,Europe,Dublin,"english,irish",,.ie,left,"left_blue_strip,white_back_plate",green_and_white_striped,yellow_on_black,"triangular_yellow_lightning_bolt,wooden_poles_with_pole_steps",,,"yellow_dashed_outer,white_center",,,"green_background,white_background,brown_background",,"yellow_diamond_shaped,YIELD,black_and_white_striped_with_yellow_bulb",,"white_houses_with_black_roofs,round_rural_metal_gates","rugged_and_hilly_west_coast,hilly_Cork,limestones_west",,,strip_of_grass_in_the_middle_of_roads,,"2,3,4",
Isle of Man,Europe,Douglas,english,,.im,left,"left_red_strip,white_front,yellow_rear","blue,uk_bollards",,wooden_poles,black_and_white,,"white_outer,white_center",,,green_background,,"triangular,white_background,red_border",,white_houses_with_entrance_walls,"hilly_farmland,narrow_roads,yellow_flowers",blurry_gen2,,,,2,
Italy,Europe,Rome,italian,,.it,right,"2_blue_stripes,short_front_plate",black_top_with_red_and_white_reflectors,white_on_black,"round_concrete_poles,wooden_poles_with_white_sticker,trident_pole_tops",,"type-A,double,red_reflectors","white_outer,white_center,yellow",,5_stripes,"street_names_ending_in_via,blue_background,white_arrow,green_background,SS_SR_SP,white_background_with_blue_outlines",,"black_black_side,white_markers",,"pastel_colored_stone_houses,wood_shutters,unpainted_brown_grey_bricks_Tuscany,alpine_north,very_light_colored_with_flat_roofs_southeast","agricultural_fields,rolling_hills,forested_mountain_valleys,flat_Padan_Plain,olive_plantations_southeast,red_soil_southeast,mountain_ranges_north,arid_and_hilly_Sicily,grey_rocks_stacked_up_Sardinia,cactus_south,citrus_eastern_Sicily,rice_north,Etna_volcano_eastern_Sicily",,,,,"2,3,4",
Jersey,Europe,Saint Helier,"english,french",,.je,left,"white_front,yellow_rear,starts_with_J",,white_on_black,,,,"yellow_outer,white_center,yellow_give_way_lines",,,"green_background,white_background,brown_background,green_lane_signs",,,,"red_granite_walls,yellow_telephone_booths,airport_southwest,chimney_south_coast,divided_road_south_coast",cornish_palms,green_purple_glitch_southwest,,,,2,sunny_coverage
Latvia,Europe,Riga,latvian,,.lv,right,left_blue_strip,"thin,black_diagonal_strip_with_white_or_yellow_reflector,number_below_reflector",red_on_white,"hook_shaped_insulators,alternating_pattern,leaning_poles_making_triangular_shape",,"type-A,red_or_white_reflectors","white_outer,white_center",bus_stop_signs_with_5_windows,"5_stripes,long_pedestrian_legs","blue_background,street_names_ending_in_iela,tall_house_numbers",,"blue_marker_parallel_to_road,white_background,red_inner_border,white_outer_border",,"wood,white_brick,corrugated_metal_roofs","flat,south_of_Riga",short_antenna,,,,"3,4",
Liechtenstein,Europe,Vaduz,german,,.li,right,"black_white_text,yellow_red_emblem","white,black_rectangle_with_white_reflector,rounded_top,wedge_shaped,wooden_post_on_guardrails",,,,,,"green_and_white_background_with_black_frame,red_Vaduz,black_Balzers,blue_with_thin_white_outline_south_or_Bandern,blue_without_outline_Eschen,simple_black_southeast,black_with_white_outline_and_embossed_text_Schaan,brown_north_and_Vaduz,brown_with_general_font_Planken","7_stripes,tall","blue_background,green_background,white_background,arrow_with_contrasting_color",,"road_separators,black_and_yellow_stripes,lego_like_blob_on_top,triangular,white_background,red_border,grey_metal_frame",,alpine_architecture,"flat,mountainous_east,forested_ridgeline_north,rolling_hills_north,rocky_mountains_southwest,along_mountain_slopes_south,lake_south_of_Steg",low_cam,,,,4,
Lithuania,Europe,Vilnius,lithuanian,,.lt,right,left_blue_strip,"white,black_rectangle_with_orange_and_white_reflector",red_on_white,"square_and_concrete,diagonal_support_beam,short_horizontal_bars,trident_shape,many_insulators",,"type-A,orange_reflectors","white_outer,white_center",bus_stop_signs_with_4_windows,3_stripes,"blue_background,street_names_ending_in_g_or_gatve,town_names_ending_in_AI",,"2_perpendicular_blue_markers_facing_road_at_45_degree_angle,white_background,red_inner_border,white_outer_border",,"light_colored_houses,steep_corrugated_metal_roofs,Scandinavian_structures_far_west","flat,hilly_southeast_and_northwest","short_antenna,random_blurs_gen3",,polish_language_southeast,,"3,4",
Luxembourg,Europe,Luxembourg,"luxembourgish,french,german",,.lu,right,"left_blue_strip,yellow","white,black_rectangle_with_grey_reflector,3_bolts","yellow_on_black,yellow_on_blue",upside_down_triangle,,,"white_outer,white_center",bus_stop_signs_with_6_windows,"5_stripes,belt","yellow_background,black_outlines,white_background,surrounded_by_metal_frame",,,"white,blue_and_white_stripes","dark_slate_roofs,pastel_colored_walls","green_rolling_hills,hilly_north,flat_south,vineyards_southeast",,,,,"2,3,4",
Malta,Europe,Valletta,"maltese,english",,.mt,left,left_blue_strip,,,,,stone_barriers_Gozo,"white_outer,white_center,double_yellow_parking_lines",bus_stop_signs_with_4_windows_and_door,,"street_names_ending_in_triq,blue_background_Valletta",,,,"white_or_beige_colored_buildings,balconies_painted_in_various_colors","dry_agricultureal_fields,cacti,dry_shrubs,limestone_rock_walls",blue_and_white_painted_ship_trekker_between_mainland_and_Gozo,,,,"3,4",
Monaco,Europe,Monaco,french,,.mc,right,"short,white_background","white,2_red_stripes,",,,red_and_white,,"white_outer,white_center",,,"green_background,white_background",,,,,"hilly,palm_trees","tunnel_coverage,the_boat_trekker_gen3",,parked_motorcycles,,"2,4",
Montenegro,Europe,Podgorica,montenegrin,,.me,right,"left_blue_strip,red_circle",black_top_with_red_and_white_reflectors,"black_on_white,red_on_yellow",simple_round_concrete_or_wooden_poles,,"type-A,type-B,rusted","white_outer,white_center,yellow_outer_south",,"5_stripes,no_belt","yellow_background,brown_background,blue_background",,"white_background,red_inner_border,white_outer_border",,red_tiled_roofs,"lush_inland_mountains,light_colored_rocks_coastal_mountains,agricultural_valleys_with_deforested_hills_northeast,dry_mountains_and_vineyards_around_Podgorica,pine_forests_east","short_antenna_and_no_rifts_coast,long_antenna_and_rifts_inland",,stone_blocks,TRUE,3,
Netherlands,Europe,Amsterdam,dutch,,.nl,right,"left_blue_strip,yellow,blue_taxis","white_bollard_with_red_reflector,black_bollards",,large_power_lines,,type-A,"white_outer,white_center,bicycle_paths",,,"blue_background,green_background,street_names_ending_in_straat_weg_laan_pad_plein,fietspad_bicycle_routes,white_background_with_red_border_bicycle_signs,highway_exit_UIT,brown_background_tourist_signs",,"green_markers,edge_color_visible_from_back","black_and_white,blue_and_white,bulky_yellow_posts_with_blue_circle_on_top","canals,ditches,dikes,red_or_brown_brick,orange_or_grey_roofs,row_houses,windmills,wind_turbines,large_roofs_north,rolling_shutters_south,green_houses_southwest","flat,trees_along_roads,marshy_north_and_west,low_hills_far_south,dunes_along_coast,north_coast_Wadden_Islands","black_rear_gen4,antenna",,"zigzag_pedestrian_paths,alternating_long_and_short_lines,brick_rumble_strip,markings_on_pavement_with_dutch_and_belgium_flags_Baarle",,"2,3,4",
North Macedonia,Europe,Skopje,macedonian,,.mk,right,"left_blue_strip,red_blur","white,black_rectangle_with_red_reflector,thin_version_with_black_top",red_on_white,"wooden_and_concrete_poles,6_insulators,large_power_lines,small_lamp_attached_with_round_shade,long_rectangular_lamps_Prilep",black_and_yellow_southeast,"type-A,red_reflectors","white_outer,white_center,triple_yellow_central",,5_stripes,yellow_background,,"yellow_background,red_border,green_markers",,,"dry_grasslands,small_hills","no_antenna,3_smudges_east,brown_smudge_southeast,fly_smudge_northeast",green_truck_west,yellow_hoods_with_black_and_white_checkerboard_patterns_taxis_in_Skopje,,3,
Norway,Europe,Oslo,norwegian,,.no,right,"left_blue_strip,green_commercial","thin,black_diagonal_strip_with_white_reflector,orange_snow_poles_with_white_band_middle,thin_wooden_snow_poles,underground_pipes",yellow_on_black,"wooden,black_metal_cap_on_top",,"type-A,wooden_posts,rusty_southwest_coast","white_outer,distinct_yellow_center,long_dashed_outer",bus_stop_signs_with_4_windows,"4_stripes,5_stripes_with_hat","yellow_background,white_background,street_names_ending_in_gate_gate_vei_veg_veien,small_white_square_signs",,"blue_background_with_M,Sone_speed_signs,white_background,red_border,green_markers,white_markers","red_or_black_plates_Oslo,2_red_stripes_Stavanger","wooden_houses,white,red,black,grass_covered_roofs","mountainous,fjords,bracken_south,spruces_central_and_south,pines_south,oaks_far_south,maples_far_south,brightly_colored_moss_south,large_farmlands_south,deep_fjords_surrounded_by_tall_mountains_southwest,rolling_hills_with_small_birches_far_north,barren_highlands_with_no_trees_southwest,exposed_rock_south_coast,coastal_grasslands_with_distant_mountains_and_no_trees_far_north",blue_rear_gen4,,"sami_language_far_north,green_fire_hydrants_Bergen,name_of_city_on_taxis",,"2,3,4",
Poland,Europe,Warsaw,polish,,.pl,right,left_blue_strip,red_strip_with_red_and_white_reflectors,red_on_white,"thin_holey_poles_not_extending_to_bottom,A_shape_poles",,"type-B,red_reflectors","white_outer,white_center",,solid_horizontal_line,"blue_background,green_background,turquoise_Bialystok,green_and_blue_Szczecin,black_and_blue_Poznan",,"yellow_background,white_background,red_border,diamond_signs",,"plain_stone_walls,pastel_colors,orange_red_black_brown_roofs,corrugated_roofs,detached_single_family_homes,tall_and_slim_houses_north","flat,rolling_hills,hilly_and_mountainous_south,green","white_rear_with_long_antenna,short_antenna",,"rows_of_trees,neatly_tiled_sidewalks,christian_shrines,Kashubian_language_northwest",,"2,3,4",
Portugal,Europe,Lisbon,portuguese,,.pt,right,"left_blue_strip,right_yellow_strip","black_diagonal_strip_with_orange_or_white_reflectors,thin_white_top",yellow_on_black,concrete_ladder_poles_with_tall_steps,,"type-A,red_reflectors","white_outer,white_center",large_font,"5_stripes,pedestrian_with_narrow_steps","street_names_ending_in_RUA,blue_background,white_background,black_arrows,lime_green_signs_Porto",,"red_and_white_hunting_signs,red_and_white_markers,blue_and_white_markers,black_and_white_markers,black_and_white_waystones,white_background,red_inner_border,white_outer_border",,"white_painted_houses,orange_tiled_roofs,blue_or_yellow_painted_around_windows_and_doors,decorative_mosaic_tiles,decorative_chimneys_far_south","mountainous_north,flat_south,Eucalyptus_trees_northwest,oaks_southeast,olive_plantations_northeast_and_southeast,maritime_pines_north,steep_terraced_vineyards_north,citrus_plantations_south_coast,sandy_white_soil_southwest,flat_uncultivated_dry_far_southwest",,,diagonal_cobblestone_roads,,"2,3,4",
Romania,Europe,Bucharest,romanian,,.ro,right,left_blue_strip,white_bollard_with_red_reflector,"red_on_white,yellow_frame","large_holey_poles_with_bottom_painted_white,yellow_stickers,upside_down_pole_tops",,,"white_outer,white_center,thick_center,yellow_central_west",,"5_stripes,no_belt,yellow_frame","blue_background,black_back",,"red_blue_white_markers,extremely_thick_red_border",,"orange_tiled_roofs,grey_metallic_roofs,single_family_houses,haystack_with_stick_on_top,orange_roofs_west,plastic_or_metal_roofs_east,staring_eye_shaped_window_on_roofs_central","forested_mountains_and_hills_central_and_north,flat_rolling_hills_south_west_east,sun_flowers_far_east_or_far_west","long_antenna, flag_antenna, boat_trekker_far_east",,"trees_painted_white_on_bottom,Hungarian_language_central_and_northwest",,"2,3,4",
San Marino,Europe,San Marino,"italian,romagnol",,.sm,right,"white_background,skyblue_text",italian_bollards,burgundy_on_yellow,round_concrete_and_wooden_poles,,,"white_outer,white_center",,5_stripes,italian_signs,,,,3_towers,"monte_titano,hilly,mediterranean",,,"blue_pedestrian_crossing,lime_green_bins,black_bins",,"2,3,4",
Serbia,Europe,Belgrade,serbian,,.rs,right,"left_blue_strip,green_agricultural_vehicles",off_centered_reflectors,black_on_white,,,"type-B,red_reflectors,yellow_bridge_railing","white_outer,white_center,yellow_southeast",bus_stop_signs_with_5_windows,5_stripes,"yellow_background,bilingual_signs,green_background,blue_background,¬å¬Ý¬Ú¬è¬Ñ,¬â¬Ö¬Ü¬Ñ_river_name",,white_markers,,"sidewalk_and_houses_far_from_road,unfinished_brick_houses,orange_roofs","flat_north,mountainous_south","no_antenna,antenna_highways",,"¬º¬¬¬°¬­¬¡,Jelen_beer_brand",,3,
Slovakia,Europe,Bratislava,slovak,,.sk,right,left_blue_strip,"double_orange_reflectors_with_white_reflector_back,gas_and_water_poles",red_on_white,"wide_concrete_poles,short_horizontal_bars,diagonal_support_bars_with_6_insulators,trident_arms_bent_upwards_with_tall_middle_supports_resembling_Indian_pole,yellow_circles_painted_southwest",,"type-B,wider","white_outer,white_center",,"5_stripes,belt,narrower_stripes_and_wearing_hat","green_background,blue_background,small_arrows,bold_font,border_color_reaching_edge,black_signs_with_frame_at_the_end_of_bridges,white_background_with_colored_borders_home_plates",,"yellow_markers_horizontally_divided_into_2_sections,white_background_railway_crossing_sign","thick_base,red_and_white_stripes,hiking_markers_with_letter_C,black_caps,double_sign_posts,yellow_post_with_blue_base_east","well_maintained_apartment_buildings,vibrant_colors_and_patterns,diamond_shaped_roofs,window_shutters,short_side_of_houses_facing_road,hip_roofs,grey_metal_roofs_east,dark_brown_wooden_houses_with_decorated_walls_northwest","flat_southwest_and_southeast,mountainous_central_and_north,pine_forests_west","flag_antenna,red_rear_with_antenna_gen4",,"trams_Bratislava_Kosice,green_yellow_trolleybuses_Zilina",,"2,3",
Slovenia,Europe,Ljubljana,slovenian,,.si,right,left_blue_strip,black_cap_with_bright_red_and_white_reflectors,red_on_white,wooden_metal_concrete_poles,,"type-A,red_reflectors","white_outer,white_center,long_outer_dash",,"5_stripes,no_belt","yellow_background,black_outlines,white_background,surrounded_by_metal_frame,ULICA,red_house_plates,green_house_plates_Ljubljana,blue_emblem_with_3_stars_Celje,blue_and_green_emblem_Trbovlje",,white_markers_with_upper_left_yellow_box_on_upper_half,,"alpine_architecture,light_colored_walls,balconies,dark_colored_roofs_extending_outward,wooden_beams_with_gaps","hilly,forested,tall_mountains_northwest,flat_northeast,white_cliffs_with_mediterranean_vibe_southwest",short_antenna_gen3,,"?ola,italian_signs_southwest",,"2,3,4",
Spain,Europe,Madrid,spanish,,.es,right,left_blue_strip,"white,black_rectangle_with_yellow_reflector,2_white_dots_back,green_stripe_on_top_west,blue_and_yellow_striped_snow_poles_Andalusia,yellow_snow_poles_northwest,white_flat_bollard_with_grey_reflectors_northeast,small_black_diagonal_strip_with_orange_and_white_reflectors_northeast","blue_and_white,black_and_white,big_chevrons_northeast,small_chevrons_southeast","concrete_and_wooden_poles,ladder_poles,upside_down_poletop_with_upper_bar_curved_upwards,high_voltage_electricity_lines_supported_by_pylons,steel_mesh_support_with_inverted_triangular_top_southeast",,"type-A,yellow_reflectors","white_outer,white_center,dashed_outer_soild_center_Bilbao,solid_outer_no_center_northwest,dashed_outer_no_center_west,dashed_center_no_outer_Bilbao","small_font,red_bus_stop_Madrid,red_post_with_CTA_logo_northwest",8_stripes,"blue_background,white_background,calle,green_or_blue_strip_on_top_northwest,decorated_signs_Bilbao",,"green_markers,red_markers,coto_de_caza_hunting_signs,diagonally_divided_black_and_white_hunting_signs,white_background,red_border,VADO_PERMANENTE,Area_privada_de_Caca_northeast,Camino_de_Santiago_northwest_north_west",flat_post,"flat_roofs,red_or_brown_tiles,houses_painted_bright_colors,slate_roofs_northwest_Pyrenees_northeast_Madrid,big_concrete_blocks_northwest,horreos_with_multiple_pillars_having_asian_feel_northwest,large_white_houses_with_wooden_frames_north,houses_made_of_stones_northeast,completely_white_houses_south_and_west,green_houses_with_white_roof_south","mediterranean_climate,lush_and_hilly_northwest,mountainous_northeast,pines_northeast,dry_flat_central,vineyards_central,dry_and_sandy_soil, southeast,olive_trees_east_and_south,eucalyptus_plantations_northwest,dark_volcanic_soil_Canary","antenna_or_no_antenna_gen3,blue_or_black_rear_gen4,antenna_with_distinctive_white_top_gen3_south_or_northeast,grey_car_Seville",,"green_and_blue_buses,COGERSA_logo_northwest,white_rock_walls_Balearic,black_and_yellow_taxis_Barcelona",,"2,3,4",
Svalbard,Europe,Longyearbyen,norwegian,,.sj,right,black_yellow_text,red_snow_poles_with_white_stripes,yellow_on_black,wooden_poles,,type-A,,,,,,,,"boxy,simple_colored_buildings","barren,moss,grasses,mountainous,tundra","boat_trekker_northwest,left_mirror_visible,red_car_with_person_on_top",,,,"trekker,3",
Sweden,Europe,Stockholm,swedish,,.se,right,"left_blue_strip,yellow_taxis","thin,black_strip_with_grey_reflector,orange_snow_poles_with_white_band_middle,blue_and_white_thin_electricity_markers,green_snow_poles_northeast,germany_bollards_south,red_snow_poles_with_2_white_stripes_northwest,mixture_of_red_and_yellow_snow_poles_far_north_Norwegian_border",yellow_on_blue,"wooden_poles,black_metal_pole_tops",,"type-A,white_reflectors","white_outer,white_center,short_dashed_outer","bus_stop_signs_with_6_windows,neon_yellow_stop_signs_south",4_stripes,"green_background,blue_background,thin_arrows,yellow_background,red_arrows,street_names_ending_in_vagen_gatan_v_g_gatu,white_background_with_horizontal_black_line_Stockholm,simple_blue_background_with_2_lines_of_text_Gothenburg,white_background_with_black_corners_Malmo,yellow_background_with_black_corners_Ystad",,"yellow_background,red_border,M_signs,red_crosses_central_and_north,Drakstaden_Sundsvall","blue_and_white_stripes,red_and_yellow_stripes","dark_red_wooden_houses,grey_metal_roofs_further_north,diamond_tiled_roofs_far_south,light_colored_houses_south_west,octagonal_roofs_northeast,walls_bending_outwards_northeast,wooden_windmills_Oland","boreal_forests,farmlands,lakes,mountainous_north_west,flat_south_east,broad_leafed_trees_south,ferns_south,treeless_mountain_tops_northwest,thin_boreal_trees_with_dry_soil_north,rock_walls_south,open_agricultural_fields_far_south,white_sand_Gotland,red_soil_south,dark_grey_soil_central","white_rear_with_long_antenna_gen3,red,blue,white_rear_with_or_without_antenna_gen4",,"church_flag_with_red_cross_on_yellow_background,sami_language_north",,"2,3,4",
Switzerland,Europe,Bern,"german,french,italian",,.ch,right,"white_background,crest_left","white,black_rectangle_with_white_reflector,2_bolts_back,rounded_top,wedge_shaped",white_on_black,wooden_poles,,type-A,"white_outer,white_center,long_yellow_dashed",,7_stripes,"green_background,blue_background,white_background",,grey_metal_border,metal,"electricity_hubs_made_of_bricks,stone_buildings_painted_light_colors_combined_with_wooden_parts,tiled_roofs,windows_with_wooden_shutters","mountainous_south,flat_rolling_hills_north","low_cam,large_blur,train_coverage_east",,yellow_pedestrian_crossing,,"2,3,4",
Ukraine,Europe,Kyiv,ukrainian,,.ua,right,"white_background,blue_and_yellow_strip_left","sharp_looking_white_bollards_with_black_stripe,polish_bollards_southwest,hungarian_bollards",white_on_red,"square_concrete_poles,wooden_poles,diagonal_support_beams",black_and_white,,"white_outer,white_center",,3_stripes,"blue_background,green_background,street_names_ending_in_¬Ó¬å¬Ý¬Ú¬è¬ñ,city_names_¬Þ?¬ã¬ä¬à,white_town_entry_signs",,"blue_markers,3_line_railway_signs",,,"flat_dry_south,hilly_and_mountainous_southwest,baltic_pines_north_and_northwest,tall_poplar_trees,sunflowers_south,red_soil_with_brazilian_poles_central_southeast","red_rear,long_antenna,no_antenna,black_rear_Donetsk,white_rear_Lviv_Kyiv_Kharkiv,grey_rear,glitch_west,yellow_flag_Chernobyl",,"bad_road_quality,blue_and_yellow_colored_objects,trees_planted_next_to_road,trees_planted_white_bottom",,3,
United Kingdom,Europe,London,english,,.uk,left,"white_front,yellow_rear","rounded_black_top_with_large_red_and_white_reflectors,yellow_traffic_bollard_with_white_arrow_in_blue_circle,french_bollards_Scotland",white_on_black,"wooden_poles_with_side_steps,yellow_warning_sticker_with_person_being_striked_by_lightning",,,"double_yellow_outer,white_outer,white_center,cats_eyes_reflectors",,,"white_background,green_background,blue_background,green_background_with_yellow_text_Scotland,white_background_with_black_street_name_and_red_borough_London",,"white_background,red_borders,low_horizontal_street_signs_with_2_support_beams,give_way_signs,Passing_Place_Scotland,ARAF_slow_markings_Wales,speed_signs_with_green_border_and_Twentys_Plenty_text_Glasgow","black_and_white_striped_pedestrian_pole_with_yellow_bulb_on_top,black_stickers_with_yellow_text_Northern_Ireland,yellow_tape_Birmingham","row_houses,red_brick,chimney_pots,black_and_white_timber_frames,sandstone_and_granite_Scotland","barren_and_mountainous_Scotland,cornish_palms_southwest_coast,extremely_rocky_Lake_District",rounded_white_rear_gen4,,"rural_metal_gates_with_square_corners,city_name_on_trash_bins",,"2,3,4",
Alaska,North America,Juneau,english,dollar,.us,right,"yellow,orange_circle_middle",,,,,,"white_outer,yellow_center",,,"white_background,square,Big_Dipper_constellation",,,,pipeline_traversing_vertically_east,"thin_trees,tall_snow_mountains,aspen_trees_central_south,agricultural_fields_far_south,cold_dead_landscape_with_overcast_weather_and_lack_of_tall_buildings_far_north","around_Anchorage_gen4,shitcam_between_Anchorage_and_Fairbanks,west_trekker",,"pale_pink_or_yellow_fire_hydrants_Anchorage,bright_colored_fire_hydrants_Fairbanks",,"1,2,3,4,shitcam",
Bermuda,North America,Hamilton,english,,.bm,left,"white,black_text_aligned_center",,white_on_black,wooden_poles,,"wooden_fence,stone_walls","white_outer,yellow_center,zigzag_lines",,"white_background,red_border,2_dashed_horizontal_lines",white_horizontal_signs_with_white_support,,european_signs,,"pastel_colored_houses_with_white_roofs,unpainted_grey_brick_northwest","palm_trees,light_blue_ocean,tropical","visible_black_car,boat_trekker_northeast",,,,3,
Canada,North America,Ottawa,"english,french",,.ca,right,"no_front_plate_British_Columbia_Manitoba,Ontario,New_Brunswick,blue_text_with_green_middle_bar_British_Columbia,red_text_Alberta,green_text_Saskatchewan,navy_text_with_left_and_right_green_Manitoba,dark_blue_background_or_blue_text_Ontario,black_text_Quebec,red_text_New_Brunswick,blue_text_with_light_blue_middle_Nova_Scotia","2_black_strips_covering_top_Alberta,black_grey_orange_strips_Manitoba,flat_curved_bollards_with_white_reflector_on_black_strip,British_Columbia,thin_white_bollards_with_red_or_green_reflector_Quebec,blue_and_or_yellow_rectangular_markers_Quebec,diamond_shaped_green_and_white_markers_Ontario,yellow_bollards_New_Brunswick,2_thick_black_strips_covering_top_Northwest_Territories,pyramid_shaped_top_Newfoundland_and_Labrador","black_on_yellow,white_on_red_Quebec","transformers_facing_road_British_Columbia,insulators_attached_sideways_Ontario,insulator_rods_angled_upwards_Quebec,vertical_black_and_yellow_plates_Quebec,uneven_insulators_Saskatchewan",,"cylindrical_wooden_posts_held_by_3_metal_wires_Ontario,concrete_barriers_British_Columbia,small_poles_connected_with_3_or_4_metal_wires_Alberta,pyramid_shaped_top_on_posts_Newfoundland_and_Labrador","white_outer,yellow_center,white_dashed_between_yellow_solid_Saskatchewan","Arr?t_Quebec,bilingual_New_Brunswick",,"blue_background,green_background,brown_background,diamond_shaped_T_intersection_signs_with_black_and_yellow_chessboard_pattern,no_chessboard_patter_Quebec,rectangular_T_intersection_signs_New_Brunswick,french_Quebec_and_New_Brunswick,township_and_range_roads_Alberta,turtoise_signs_Iqaluit",,"MAXIMUM_on_speed_signs,less_wordy_signs,french_speed_sign_Quebec,black_section_on_speed_sign_Ontario,green_back,British_Columbia,signs_hanging_from_posts_British_Columbia,wooden_boxes_holding_up_posts_Newfoundland_and_Labrador","green_and_white_stripes_Manitoba,white_triangular_stripes_Saskatchewan,pyramid_shaped_top_Newfoundland_and_Labrador",,"large_mountains_British_Columbia,western_Alberta_Yukon,boreal_landscape_with_hills_and_coniferous_trees_Yukon,flat_agricultural_fields_Great_Plains,canola_plantation_Great_Plains,barren_hilly_landscape_south_Saskatchewan,aspen_trees_Manitoba,exposed_rocks_central_and_east,red_soil_Prince_Edward_Island,Balsam_Fir_resembling_christmas_tree_Newfoundland,unpaved_road_with_tundra_landscape_and_short_trees_north_Yukon,treeless_rock_formations_south_Alberta,thin_pine_trees_with_low_sun_Trans_Labrador_Highway","blue_rear_gen4,snow_coverage_gen3_west_Ontario_west_Quebec,snow_coverage_with_thin_antenna_front_right_Churchill,dark_soil_with_front_right_antenna_and_hood_Tulita,snow_mobile_coverage_southeast_Hudson_Bay",,"mailboxes_with_red_logo,fire_hydrants_with_nearby_post_with_diamond_shaped_marker_Newfoundland_and_Labrador,black_and_orange_traffic_cones_Ontario,white_and_orange_traffic_cones_Quebec,octagonal_wooden_bins_Newfoundland_New_Brunswick",,"1,2,3,4",
Costa Rica,North America,San Jose,spanish,,.cr,right,"white,blue_text",,,round_concrete_poles,yellow,,"white_outer,yellow_center",ALTO,,,,,,"castle_structure_San_Jose,orange_bridge_San_Jose,rounded_windows_with_brown_frames_Liberia,zigzag_shaped_pavement_Filadelfia_de_Guanacaste",,"low_cam,sidewalks,beach_trekker_northwest_west_of_San_Jose_and_Cocos_Island,forest_trekker_central_and_Cocos_Island,urban_coverage_central_and_west,3_dogs_following_San_Jose",,red_taxis,,trekker,
Dominican Republic,North America,Santo Domingo,spanish,,.do,right,light_yellow_top_and_white_bottom,,black_on_yellow,"square_concrete_poles,L_shaped_poles,black_pink_stripes_Santo_Domingo",,cement_dividers_with_red_reflectors_on_top_and_yellow_reflectors_on_sides,"white_outer,yellow_center",PARE,yellow_diamond_shaped_sign_with_wide_shouldered_person,"green_background,ADN_Santo_Domingo",,km_markers_with_REP_DOM,yellow_traffic_light_poles_Santiago_de_los_Caballeros,"light_colored_buildings,square_concrete","tropical,mountains_visible_north_Santiago_de_los_Caballeros","roof_rack_with_black_rubber_inlay,white_front,night_urban_coverage_Santo_Domingo",,"clean_asphalt,taxis_with_yellow_sign_on_top",,3,
Greenland,North America,Nuuk,greenlandic,,.gl,right,white_blackground_with_red_outline,,,meshed_metal_poles,,,"white_outer,white_center",none,,,,,,"simple_colored_wooden_houses,grey_houses_Tiilerilaaq_east","barren,treeless,flat_rocky_mountain_to_the_north_Uummannaq_west,green_grass_and_red_soil_Narsarsuaq_south,wide_snow_mountain_range_Igaliku_south,thick_layer_of_snow_west,pyramid_shaped_snowy_mountain_to_northeast_Kulusuk_Island_east,monolithic_mountain_to_west_Ikerasak_northwest,tall_cliffside_to_east_Ukkusissat_northwest,pyramid_shaped_mountains_with_sand_beach_Siorapaluk_far_northwest,large_icebergs_Narsarsuaq_south","grey_car_Nuuk,black_snow_mobile_with_mirrors_pointed_straight_up_Sisimiut_west,green_ATV_with_driver_wearing_beige_hat_Ilulissat_west,red_rectangular_car_Qaqortoq_south,white_red_black_reflection_Aasiaat_west,ATV_with_large_grey_handguards_Tasiilaq_east,green_snow_mobile_with_large_black_side_mirrors_Uummannaq_west,thin_antenna_on_right_side_Narsaq_south,tractor_Maniitsoq_west,driver_wearing_a_hoodie_Narsarsuaq_south,black_ATV_with_orange_and_purple_bags_Narsarsuaq_south,blue_ATV_with_wide_side_mirrors_Qeqertarsuaq_west,brown_wooden_box_with_driver_wearing_purple_beanie_Ittoqqortoormiit_northeast,barely_visible_round_grey_car_Paamiut_southwest,large_whie_truck_Kangerlussuag_west,red_ATV_Kulusuk_Island_east,red_and_black_ATV_Kapisillit_west,airport_coverage_Upernavik_west,white_cabin_with_red_roof_west,red_cabin_west,white_boat_with_black_box_and_man_wearing_black_coat_northeast,bright_red_boat_east,black_cabin_with_blue_roof_east,brown_wooden_top_east,small_rounded_red_bow_east,red_and_black_boat_with_multiple_people_far_northeast,wooden_boat_with_yellow_cabin_and_red_roof_west,white_boat_with_silver_handrail_front_south,large_white_boat_south,grey_boat_with_antenna_on_top_Nuuk,extremely_tall_antennas_Nuuk",,,,3,
Guatemala,North America,Guatemala City,spanish,,.gt,right,"white,blue_text,left_green",,,"pink,green,completely_green_southeast",,,"white_outer,yellow_center",ALTO,,"una_via,doble_via",,,,"pastel_colored_houses,rusty_metal_roofs,white_brick","tropical,rainforests,flat_north_and_south,mountainous_central",roof_rack_without_black_rubber_inlay,,,,3,
Hawaii,North America,Honolulu,"english,hawaiian",,.us,right,"white,rainbow",,,yellow_bands,,,,,,"green_background,",,,,"light_colored_houses,volcanic_rock_walls","tropical,cliffs,hills,valleys,craters",circular_blur_gen2,,,,"2,3,4",
Midway Atoll,North America,,english,,.us,right,,,,,,,,,,,,,,,,,,"albatrosses,runway",,2,
Mexico,North America,Mexico City,spanish,,.mx,right,"short,white","cylindrical_white_bollard_with_black_base,red_strip_Nayarit,Jalisco_crown",,"concrete_poles,octagonal_shape,white_paint_with_street_name_Chihuahua,mesh_body_north_of_Mexico_city,single_diagonal_support_beam_Durango,concrete_poles_with_hanging_insulators_Yucatan,wooden_poles_with_hanging_insulators_Baja_California,asymmetric_crossbar_Mexico_city",yellow,yellow,"solid_white_outer,yellow_center,white_center_Tabasco,black_tar_on_both_sides_of_yellow_center_northwest,southwest,grainy_road_with_dashed_yellow_center_northeast",ALTO,,"green_background,all_caps_white_text,place_names_having_x_and_tl,place_names_ending_in_ec_and_½Ã¹«",,"white_markers_with_black_outline,yellow_diamond_signs_with_thick_arrow",thick_cross_on_back_Chihuahua,"black_or_white_water_tanks_on_roofs,circular_electricity_counters,red_brick_buildings_central_west,mud_brick_houses_Durango,bright_colored_houses_with_orange_tiled_roofs_north,thatched_roofs_Yucatan,light_colored_rock_walls_Yucatan,wine_turbines_southeast","cacti_with_long_arms_northwest,broccoli_shaped_cacti_central,sugar_cane_Veracruz,coconut_palms_Guerrero_Colima,oil_palms_southeast,thin_white_barked_trees_Yucatan,gold_tufts_next_to_road_northeast,red_agricultural_fields_Durango,extremely_white_soil_Yucatan,orange_and_beige_soil_Oaxaca,pink_lake_northern_Yucatan","white_rear_with_stubby_antenna_gen3,white_rear_with_red_brake_light_gen3,blue_rear_gen4,faint_black_rear_gen4",,"OXXO_and_PEMEX_gas_stations,pink_taxis_Mexico_City,three_lines_of_cobblestone_on_pavement_Oaxaca,hexagonal_tiles_Tlaxcala,irregular_cobblestone_tiles_west",,"1,2,3,4",
Panama,North America,Panama City,spanish,,.pa,right,turtoise_strip,,black_on_yellow,"round,concrete,wooden,metallic,vertical_plates_attached_by_black_ties_eastern_half,horizontal_plates_western_half,thin_yellow_plates_with_black_border_north,yellow_base_north",,,"white_outer,yellow_center","ALTO,huge_eyes",,"green_background,blue_background",,white_marker,,"various_colored_houses,metal_sheets,red_tiled_roofs,wind_turbines_central_west,warehouses_and_rundown_structures_Colon,satellite_dishes","tropical_with_palm_trees_and_tall_grass_central,fences_with_small_trees_aligned,volcanic_rock_walls_far_west,flat_open_fields_far_west,flat_brown_soil_south,banana_plantations_far_west","large_white_pickup_truck,short_antenna,huge_blur,small_clustered_dirt_east,one_or_two_black_dots_south,red_dot_right_central_and_south,folded_antenna_central_and_David",,yellow_taxis_with_checkerboard_pattern,,4,
Puerto Rico,North America,San Juan,"spanish,english",,.pr,right,,,black_on_yellow,"thin_metal_poles,octagonal_poles,square_poles",,,"white_outer,yellow_center",PARE,,"green_background,blue_background,CALLE",,"green_markers_with_km,yellow_background",,"concrete,flat_roofs,metal_gates,narrow_streets_San_Juan,colorful_buildings_San_Juan","dry_south,hills_coast,mountains_inner",thin_antenna_right,,"787_phone_code,american_stores,no_front_plates,white_van_taxis",,3,
Saint Pierre and Miquelon,North America,Saint Pierre,french,,.pm,right,"white_blue_strips_on_both_sides,yellow_left_blue_strip","french_bollards_north,green_white_bollards_north",,"ladder_poles,tulip_poles",,,white,,5_stripes,,,,,"boxy_houses,simple_colors,white_boxes_on_rectangular_concrete","open_grassland,red_soil,treeless","ATV_shadow,boat_trekker_south",,,,"3,trekker",
U.S. Virgin Islands,North America,Charlotte Amalie,english,,.vi,left,"bright_blue,dark_blue",,black_on_yellow,wooden_poles,,yellow,"white_outer,yellow_center",,,green_background,,,,"facades_with_large_arches,simple_colored_houses","flat_south,hilly_north,lush","red_south,white_with_antenna_north,white_without_antenna_south,boat_trekker_with_pink_tint_south,blur_with_antenna_golf_field,blur_with_roof_rack_golf_field",,340_phone_code,,"3,trekker",
United States,North America,Washington D.C.,english,,.us,right,,"thin_post_with_vertical_white_reflector_with_black_border_Nevada,thin_post_with_diamond_white_reflector_northwest,white_or_brown_post_with_white_reflector_Washington,simple_white_bollard_with_black_reflector_Wisconsin",black_on_yellow,"wooden_poles,3_yellow_stripes_California,white_plate_with_orange_rectangle_and_diamond_Michigan_Wisconsin",,"yellow_sign_with_black_triangle_Minnesota,square_New_York_and_Wyoming,small_red_or_green_signs_Maine_Massachusetts_New_Hampshire","white_outer,yellow_center,rumble_strips,snowplowable_raised_pavement_markers_east,thick_double_yellow_east,wide_gap_double_yellow_south,black_strip_between_double_yellow_California","white_reflectors_Kansas,black_and_white_marker_Minnesota,double_posts_Michigan,3_rows_of_numbers_back_Oklahoma,small_green_sign_with_3_rows_of_numbers_Vermont",,"green_background,blue_background,ONE_WAY,parking_signs,yellow_junction_sign_with_black_arrows,blue_red_green_horizontal_signs_Michigan_Wisconsin,fraction_symbol_West_Virginia,white_rectangular_signs_east,black_rectangular_signs_South_Carolina,km_sign_Arizona_Mexican_border","interstate_highways_even_number_south_to_north,interstate_highways_odd_number_west_to_east,interstate_highways_even_number_north_to_south,interstate_highways_odd_number_east_to_west","SPEED_LIMIT,SPEED_Oregon,YIELD,ATV_green_signs_Wisconsin,traffic_lights_hanging_Michigan,white_sign_with_E-2_New_Hampshire","thin_metal_posts_with_many_holes,red_or_yellow_strips_Texas","row_houses,trailer_homes,baptist_churches,water_towers,oil_pumpjacks_south_and_north,low_stories_south,higher_roofs_north,dark_colored_wooden_fences_east,rock_walls_far_northeast,stilt_houses_east_south_coast,large_sloped_roofs_south,stacked_triplexes_far_northeast,brown_stone_buildings_northeast,red_metal_roofs_east,narrow_single_story_houses_southeast,sand_brown_colored_houses_with_rounded_edges_and_flat_roof_southwest,red_tiled_roofs_southwest_and_Florida,dark_wooden_houses_with_timbers_northwest","dry_south,mountains_west,flat_central,corn_fields_central_east,soybeans_central_east,canola_north,cotton_south,rice_northern_California_Arkansas,flat_fields_with_small_shallow_ponds_north,long_leaf_pines_southeast,red_soil_southeast,shrubby_dry_bush_west,tall_conifer_trees_northwest,tablelands_southwest,palm_trees_south,spanish_moss_southeast,golden_fields_northwest,cacti_Mexican_border",no_antenna_gen3,,"yellow_school_bus,orange_fibre_optic_cable_markers,orange_construction_barrel,mailbox,grainy_road_south,vertical_green_or_blue_sign_attached_to_mailbox_Indiana_Ohio_Michigan,Shoprite_northeast,Hy_Vee_midwest,Piggly_Wiggly_southeast,H_E_B_Texas,Publix_Florida,Waffle_House_southeast,Carls_Jr_southwest,Hardees_east,Zaxbys_southeast,Whataburger_Texas,Pizza_Ranch_north,Tim_Hortons_states_near_Toronto,In_N_Out_Burger_California,Wawa_east_Florida,Sheetz_east,Kwik_Trip_north,Caseys_central,Kum_N_Go_central,Buc-ees_Texas,yellow_bridges_Pennsylvania",,"1,2,3,4",
Argentina,South America,Buenos Aires,spanish,,.ar,right,"black_dot_middle,top_blue_strip",,red_on_white,"A_poles,alternating_arms,alternating_insulators_La_Rioja_Mendoza,japanese_plate_Tucuman",,"type-A,red_or_yellow_reflectors","white_outer,yellow_center",PARE,,"green_background,highway_markers_with_RN,yellow_background_with_black_arrows_La_Pampa",,white_marker_Cordoba,,"red_brick_houses_Jujuy,flat_roofs,metal_sheet_roofs_Patagonia,tiled_slanted_roofs_Buenos_Aires","dry,flat,mountainous_west,red_soil_Brazilian_border,sandy_soil_with_low_trees_and_bushes_north,grassland_central,small_lakes_Buenos_Aires,flat_barren_central_south,flat_low_vegetation_Tierra_del_Fuego,palm_trees_northeast,cacti_northwest,sunflowers_central,sugar_cane_northwest,corn_fields_central_north,pink_tree_far_north,salt_pans_Jujuy,red_mountains_Salta,snow_mountains_Ushuaia,melting_snow_southwestern_Santa_Cruz,snow_southeastern_Santa_Cruz,poplar_trees_Mendoza_La_Pampa_Rio_Negro","black_rear_gen3,horse_trekker_San_Juan",,mobile_155,,"3,4",
Bolivia,South America,Sucre,spanish,,.bo,right,white_blue_text,"thin_german_bollard,rounded_top_thin_poles_with_various_colored_reflectors",,"round_concrete_poles,wooden_poles,curvy_poles_east",,black_on_yellow_stripes,"white_outer,yellow_center",PARE,,green_background,,black_and_white_marker,wooden_square_poles,"red_brick_houses,tall_buildings_La_Paz,unfinished_red_brick_buildings_El_Alto,colorful_futuristic_buildings_El_Alto,gradient_doors_El_Alto,old_colonial_structures_Sucre","flat_dry_grassland_west,big_body_of_water_Lake_Titicaca,tall_mountains_central_south,flat_tropical_pink_soil_Santa_Cruz,hilly_La_Paz,pillar_like_rock_formations_La_Paz,flat_dusty_El_Alto,wall_of_mountains_north_Cochabamba,dry_large_hill_west_Oruro,hilly_dry_tree_covered_hills_Sucre,pyramid_shaped_naked_mountain_Potosi,tropical_Santa_Cruz","white_rear,no_antenna,glitch_central_south,black_roof_rack_far_west",,"concrete_road,cobblestone_road,graffiti_MAS_EVO,7x7_colorful_flag,tigo_logo,zigzag_pavement_El_Alto,bright_colored_concrete_road_south",,3,
Brazil,South America,Brasilia,portuguese,,.br,right,"white,top_blue_strip,red_commercial",,"yellow_on_black,black_on_yellow","ladder_poles_with_huge_gaps_between_steps,round_poles_Sao_Paulo,wooden_poles_Rio_Grande_do_Sul_Amazonas_Roraima_Rio_de_Janeiro,marking_starting_with_letter_Bahia_and_Pernambuco,marking_starting_with_number_Goias,small_yellow_plate_Rio_Grande_do_Norte,black_paint_with_white_letters_Parana,small_beige_plate_Maranhao,brown_mushroom_insulators_Pernambuco,white_mushroom_insulators_Bahia,transparent_insulators_Alagoas_and_Santa_Catarina,needle_insulators_Rio_de_Janeiro,top_insulator_and_alternating_insulators_Mato_Grosso,pencil_pole_Rio_de_Janeiro,long_insulators_with_coils_Ceara,alternating_insulators_Para_and_Mato_Grosso,F_poles_Rio_Grande_de_Norte,armless_lamps_south,colorful_lamps_Roraima,wing_shaped_lamp_arms_Ceara,spheres_on_top_south,yellow_plates_with_black_letters_Sao_Paulo,blue_stickers_south,curved_lamp_arm_Rio_de_Janeiro,blue_lamp_with_orange_arm_Teresina,electricity_meters_Cuiaba,white_plate_attached_to_lamp_arm_Uberaba,zigzag_lamp_arms_Caxias_do_Sul,red_blue_white_stripes_Santa_Catarina",white,,"white_outer,yellow_center,divided_highways_Sao_Paulo",PARE,,"green_background,blue_background",,"blue_markers,white_background,yellow_diamond,circular_white_background_red_border",black_back,"orange_tiled_roofs,satellite_dishes,fortlev_water_tanks,metal_trash_baskets,european_structures_Santa_Catarina,wooden_houses_on_stilts_Acre","dry_shrubs_succulents_northeast,dense_rainforest_northwest,small_grass_hills_far_west,thin_grass_far_northwest,flat_green_fields_far_south,rolling_grassy_hills_Rio_de_Janeiro,mountains_with_exposed_rocks_Espirito_Santo,parana_pines_Rio_Grande_do_Sul,coconut_trees_north_and_east_coast,babassu_palms_amazon,acai_palms_far_north,moriche_palms_northwest,macaw_palms_central_south,long_stems_with_leaves_far_northeast,very_tall_grass_central,tall_thin_trees_south_and_far_north,sugar_cane_Sao_Paulo_and_northeast,soybeans_central_and_south,coffee_beans_southeast,dry_red_road_Piaui,white_sand_dunes_Maranhao","white_rear_with_stubby_antenna_gen3,no_antenna_gen3,blue_rear_gen4,smudge_right_Amapa_gen4,glitch_Rio_Grande_do_Sul_gen3",,"cobblestone_pavement_northeast_and_Rio_Grande_do_Sul,hexagonal_tiles_Santa_Catarina,red_brick_pavement_far_west,square_or_jagged_tiles_Santa_Catarina",Alagoas_gen3,"2,3,4",
Chile,South America,Santiago,spanish,,.cl,right,"white,orange_commercial",spanish_bollards,black_on_yellow,"concrete_poles_with_long_indent,orange_lamps_Calama_Antofagasta,green_dome_lamps_Copiapo,photocell_on_lamps_Santiago,blue_rectangular_lamps_Concepcion,white_paint_black_text_Arica,round_poles_with_black_paint_El_Salvador",,red_bridge_fence_posts,"all_white,all_yellow_concrete_road_Tierra_del_Fuego",PARADA,,"orange_background_Lanco,blue_background,green_background",,,indents,"large_radio_telescopes_northeast,metal_sheet_roofs","atacama_desert_northern_third,semi_arid_around_Santiago,rolling_agricultural_landscape_Isla_Grande_de_Chiloe,chilean_rhubarb_Isla_Grande,lush_green_valleys_with_rocky_mountains_Los_Lagos","distinct_white_rear, towing_white_trailer_Santiago,horse_trekker_San_Filipe,glacier_trekker_Torres_del_Paine,white_pickup_truck_with_some_blur_Puerto_Williams",,,,"2,3,4",
Colombia,South America,Bogota,spanish,,.co,right,"yellow,white_commercial",spanish_bollards,black_on_yellow,"black_and_yellow_stripes,octagonal_poles,dark_colored_poles,black_and_long_yellow_stripes_Cordoba,trapezoidal_lamp_support_Barranquilla",,wooden_fence,"white_outer,yellow_center",PARE,,,,"cross_on_back,green_marker_with_Pr,white_stone_black_text",,metal_sheet_roofs,"white_sandy_soil_north,flat_grassland_east,lush_mountainous_center","stubby_antenna,black_rear,white_rear,grey_rear,white_or_silver_without_antenna_gen4,glitch_southwest,roofless_vehicle_far_southeast,white_car_San_Andres,grey_truck_with_antenna_Providencia",,"pastel_yellow_taxis,red_tiles_on_sidewalk",,"2,3,4",afro_africans_west_coast
Curacao,South America,Willemstad,"dutch,english",,.cw,right,white,,red_on_white,white_painted_bottom,,type-A,"white_outer,white_center",,5_stripes,blue_background,,colored_border_visible_through_back,"yellow,red_and_white_stripes,black_and_white_stripes","metal_roofs,pastel_colored_houses,wind_turbines_east","cacti,green_dry_hills_west",roof_rack_with_white_sticker_back_right,,,,3,
Ecuador,South America,Quito,spanish,,.ec,right,"white,orange_commercial",2_red_stripes,black_on_yellow,"ladder_poles,round_poles",,double_guardrails,"white_outer,yellow_center",PARE,,green_background,,"white_background,red_circle,square_black_border,green_markers,yellow_diamond",teal_blue_back,"grey_bricks,metal_roofs","mountainous_middle,flat_west_and_east,banana_southwest,extremely_dry_west_coast,flat_and_open_around_Guayaquil,flat_tropical_Amazon,hilly_tropical_northwest,mountainous_and_exposed_red_dirt_south,semi_arid_central,volcanic_soil_with_crater_and_shrubs_Galapagos","stubby_antenna_gen3,white_truck_gen4,antenna_coiled_top_north,antenna_coiled_below_south",,"concrete_roads,hexagonal_tiles,yellow_taxis_with_letters_on_top",,"3,4,shitcam",
Peru,South America,Lima,spanish,,.pe,right,"white,yellow_commercial","triangular_bollards_with_yellow_reflectors,white_bollards_with_yellow_or_red_reflectors,white_bollards_with_black_and_yellow_top_south",,"fork_poles,black_and_yellow_stripes",,black_and_yellow_stripes,"white_outer,yellow_center",PARE,,,,"black_and_white_marker,s/","black_and_white_stripes,concrete_blocks_on_bottom","simple_colored_houses_with_darker_layer_bottom,wooden_doors_painted_brown_or_red,tiled_roofs,window_balconies,red_brick_buildings_south,overhanging_roofs_with_wooden_support_north,orange_bridges,wall_paintings","mountainous_west,troical_flat_east,flat_desert_northwest,dry_flat_rolling_hills_with_withered_bushes_northwest,coconut_palms_northwest_coast,olive_trees_far_south,sugar_cane_northwest_coast,banana_plantation_northwest_coast,flat_and_low_grass_south,exposed_rocks_central,light_green_lichen_south,red_soil_north_and_south,flat_and_barren_desert_south","black_rear,white_rear,white_car_central_Cusco,train_trekker_Cusco",,"tuktuks,red_and_white_stickers_on_vehicles,boulevards_Lima",,"2,3,4",
Uruguay,South America,Montevideo,spanish,,.uy,right,"white,blue_bar_top",white_or_yellow_bollards,black_on_yellow,"trident_poles_with_standing_insulators,square_concrete_poles",,"type-A,red_or_yellow_reflectors,3.5_sides_on_supports","white_outer,double_yellow_with_white_dash_center",PARE,,"green_background,yellow_background",,green_markers_with_K,"wooden_post_with_4_holes,black_and_white_stripes","concrete,flat_roofs,withered_houses","clustered_trees,hilly_exposed_rocks_southeast,hilly_dark_soil_north,dense_trees_north_and_northwest,very_flat_east","black_rear,grey_car_with_orange_strap_Cabo_Polonio,white_car_far_north,abandoned_buildings_trekker_Isla_de_Flores",,"cattle,divided_highways_Montevideo,trash_bins_with_orange_lids_southeast",,3,overcast_weather
American Samoa,Oceania,Pago Pago,"english,samoan",usd,.as,right,"skyblue,white_commercial",concrete_squares,,,,"type-A,white_reflector",yellow_center,,,,,"yellow_diamond,green_tsunami_warning_sign",,"metal_sheet_roofs,pillars","green_tropical_mountains,palm_trees","rusted_black_truck_bed,boat_trekker,white_sand_beach_trekker_Rose_Atoll",,philippines_style_bus,,3,
Australia,Oceania,Canberra,english,,.au,left,various_design,"flat_white_bollards_with_rectangular_red_and_grey_reflectors,short_reflectors_Queensland_and_South_Australia,brown_paint_bottom_west,black_and_white_diagonal_stripes_west,black_and_yellow_stripes_Queensland","black_on_white,black_on_yellow","green_painted_bottom_west,trident_poletop_west_and_southeast,stobie_pole_south,rusty_metal_poles_with_holes_north,black_marking_with_diagonal_numbers_Queensland,circular_blue_stickers_Queensland,trident_poletops_with_coiled_insulators_angled_upwards_Queensland,trident_poletops_with_thin_coils_Victoria,olive_green_possum_guards_Tasmania,thin_metal_crossbar_Tasmania,white_rectangular_stickers_with_blue_rectangle_Melbourne",sloped_Perth,black_diagonal_dash_on_yellow_background_New_South_Wales,"white_outer,white_center,rumble_strips,gaps_south,all_yellow_southeast",STOP,,"brown_background,green_background_with_white_arrows,white_background_Tasmania",C_roads_Victoria_and_Tasmania,"give_way_signs_with_black_text,white_rectangular_with_red_circle,dark_green_property_markers_west,white_property_markers_south,25_speed_limit_signs_south,130_speed_limit_signs_north,fluorescent_border_northeast,red_no_stopping_signs_New_South_Wales,white_vertical_keep_left_signs_north_and_east,white_no_stopping_signs_Australian_Capital_Territory,yellow_diamond_koala_signs,blue_signs_NSW,fire_signs_with_rainbow_logo","yellow_post_west,flat_posts_west_and_south,yellow_stickers_north",,"gum_trees,orange_soil_west,brush_plants_west,dark_red_soil_with_black_tree_trunks_Darwin,termite_mounds_north,dry_bright_soil_with_shrubs_south,green_or_golden_fields_southeast,tropical_far_northeast,sugar_cane_northeast,flat_dark_red_soil_with_pale_shrubs_northwest_NSW,template_climate_Tasmania","long_antenna_gen1_3,white_cars_with_various_snorkels_NSW,car_trunk_open_far_west",,"white_hydrant_poles_with_blue_circle_and_orange_top_Victoria,metal_hydrants_with_red_top_Victoria,Hungry_Jacks,buses_with_blue_painted_bottom_NSW,buses_with_blue_and_yellow_painted_Queensland,orange_or_green_buses_with_triangles_drawn_Victoria,grey_buses_with_transperth_written_Perth,orange_painted_bottom_Darwin",,"1,2,3,4",
Christmas Island,Oceania,Flying Fish Cove,"english,malay,chinese",,.cx,left,yellow,australian_bollards,,,,,white,,,,,give_way_signs_with_black_text,,urban_northeast,"tropical_forest,unpaved_roads,bright_white_sandy_soil,palms","silver_pickup_truck_with_back_visible,boat_trekker_north,red_crabs_trekker_east",,,,3,
Cocos Islands,Oceania,West Island,"english,malay",,.cc,left,"white,blue_text",australian_bollards,white_on_black,,,,,,,,,give_way_signs_with_black_text,,,"unpaved_roads,bright_white_sandy_soil,palms,flat","round_snorkel_with_corners_of_car_visible_west,white_rear_northeast,runway_west,ocean_trekkers_with_white_sand",white_car_airport,cross_hatched_pavement_northeast,,3,
Guam,Oceania,Hagatna,english,,.gu,right,white,,,thick_concrete_poles,,,"white_outer,yellow_center,reflectors",,,green_background,,,,"bungalows,asian_stores","tropical,hilly_south,flat_north","antenna_front_right,portion_of_roof_rack",,electrical_access_panels,,3,
New Zealand,Oceania,Wellington,english,,.nz,left,white,"white_bollards_with_red_strip,green_strip_central_south,black_strip_Wellington","black_on_yellow,white_on_black","long_indent,concrete_poles,wooden_poles,holey_poles,olive_brown_possum_guard_northern_south,long_cylindrical_silver_guard_southern_south,square_concrete_poles_without_indent_southern_south,middle_insulator_on_tall_metal_bar_Auckland,white_paint_on_middle_of_crossbar_north,yellow_tag_eastern_north,yellow_danger_sticker_north,black_sticker_with_5_digits_western_south_and_southern_north,black_sticker_with_6_digits_north_and_southern_south,vertical_orange_paint_with_DANGER_LIVE_WIRES_central_south,black_horizontal_sticker_southwestern_north,white_horizontal_sticker_north",,"bridge_white_markers,bridge_yellow_markers","white_outer,white_center,yellow_center,white_triangle,white_outer_without_center_eastern_north_and_Wellington",,,"blue_background,green_background_with_red_crest",,"give_way_signs_with_red_text,yellow_diamond","white_post,yellow_post_for_traffic_lights","metal_roofs,tiled_roofs","hilly_Wellington,ferns,rolling_hills_north,tall_mountains_western_south,cold_climate_southern_south,snowy_mountain_range_Southern_Alps,dry_golden_hills_southeastern_north,bright_sandy_cliffs_southwestern_north,teal_colored_lakes_around_Queenstown,mountain_with_smooth_slopes_in_distance_southwestern_north,gravel_roads_northern_north,tall_hedges_Tauranga_and_eastern_south,corn_plantation_north,flax_southern_south","white_and_blue_front_north,blurred_front_south_and_northern_north,black_front_north",,"small_boats_Stewart_Island,green_bus_lanes,red_or_green_bicycle_lanes","wooden_fences_with_tightly_packed_fence_posts_north_and_northern_south,wooden_fences_with_big_gap_south_and_northwestern_north,fences_with_thin_metal_posts_south,pieces_of_wood_attached_to_fence_post_southeastern_north,long_pieces_of_wood_attached_to_fence_post_eastern_north_and_southern_south","1,2,3,4",
Northern Mariana Islands,Oceania,Saipan,english,,.mp,right,white,,,wooden_poles,,,"white_outer,yellow_center,reflectors",,,"blue_background,cup_shaped_black_and_white_signs",,"no_casino_signs,green_marker_with_fraction,no_km_on_speed_signs",,asian_stores,"tropical,flame_trees","antenna_front_right,closer_antenna",,square_trash_bins,,3,
Pitcairn Islands,Oceania,Adamstown,"english,pitkern",,.pn,left,white,,,"wooden_poles,concrete_poles",,type-A,,,,white_background,,,,,"tropical,forested,red_soil","grey_hat_trekker_Henderson_island,beach_trekker_Henderson_island,hair_trekker_Adamstown",,,,trekker,
